label;text
1;Klasická smaženice
1;Brambory pečené v soli
1;Cuketové placky s medovou zálivkou
0;Žebra v toskánském stylu
1;Pečené bylinkové brambory
0;Telecí kuličky s mozzarellovou náplní
1;Cuketové placky s čatní a mozzarellou
0;Vídeňský řízek musí být z telecího
1;Cibulové kroužky
1;Těstoviny po benátsku
1;Raclette
1;Zelné palačinky
1;Restovaná zelenina s cizrnou
0;Králík na hořčici
1;Chlupaté knedlíky se zelím a cibulkou
1;Penne ricce s cibulí
1;Rýžová kaše s granátovým jablkem
0;Králík načerno s krupicovými noky
0;Základní hovězí ragú
1;Houbová omáčka podle šéfkuchaře Ondřeje Slaniny
1;Okurky po sečuánsku
1;Čatní
0;Šunkové hamburgry
1;Kapsy se špenátem a fetou
1;Kokosové nudle
1;Zelený chřest s parmskou šunkou
1;Nadýchaný houbovec
1;Pečená zelenina
0;Hovězí klobásky Františka Kšány ml.
1;Conchiglie s rajčaty a citronem
1;Smetanová houbová omáčka
0;Dušené hovězí s fazolovou kaší
1;Pečená ricotta s parmazánem
0;Savojský kuřecí řízek a lehký bramborový salát s rajčaty
0;Manty po ukrajinsku
1;Tofu pomazánka s mořskou řasou wakame
0;Králík cibulář
0;Lepkavá pečená žebírka
1;Zastřená vajíčka na bagetě
0;Jehněčí pilaf s cizrnou
0;Jehněčí krk pečený na másle s bramborami
0;Játra na roštu
0;Grilovaný rib eye steak
1;Míchaná vejce s karamelizovanou čekankou
0;Pomalu pečené vepřové ramínko po korejsku
0;Steak s ředkvičkami a chimichurri z ředkvičkových listů
1;Tousty s kořeněným lilkem
1;Zapečené smetanové brambory s tuňákem a sušenými rajčaty
0;Vepřové maso s nudlemi po asijsku
0;Hovězí žebro BBQ s celerovým salátem
1;Fondue s růžičkovou kapustou
1;Cuketová nádivka
1;Bramboráky s matjesem podle Marty Spurné
1;Pečené brambory s křenem
0;Kebab se slaninou
1;Smažené žitné placky se sýrem
1;Zlatavý kozí sýr s jablíčky
1;Rýžové smažené krokety
1;Herr Metalín
1;Zapečená ciabatta se žampiony
0;Jemné vepřové proužky
1;Nakládaný sýr
1;Amatriciana se zeleninou
1;Krémové zeleninové rizoto
1;Mar hor pro vegetariány
1;Květ z cibule pro nočňátka
1;Fenykl s rajčaty a bílým vínem
0;Králík marinovaný v červeném víně
0;Telecí řízek
0;Telecí steaky se sýrem a rajčaty
0;Terijaki žebírka s rýží a nakládanou zeleninou
0;Daňčí závitek po znojemsku
0;Picanha v cajunském koření s fazolovým salátem
1;Bramborová tortilla
1;Pečené nové brambory s pikantní zakysanou smetanou
1;Dokonalá vaječná omeleta
0;Terina z hovězí oháňky
1;Květákové 
0;Telecí hřebínek s bylinkovou krustou
1;Mexické závitky s chilli
0;Nádivka z vinné klobásy a šalvěje
1;Cibulové kroužky s chilli a se solí
0;Vepřová pečínka
0;Játrové knedlíčky
1;Tofu burger s relishem a salátem tabbouleh
0;Španělský ptáček à la chlebíček
0;Vepřové kotlety na cideru s jablky a celerem
1;Špalda se zeleninou a zálivkou s tahini
1;Běloruský cladnik
0;Masopustní jednohubky ( minikobližky)
0;Pečené vepřové kotlety s mangovými knedlíčky 
1;Zapečený pórek
1;Vejce v bramboráku
1;Makarony se žampionovou omáčkou
1;Piniové palačinky
1;Krémové kari s lilkem
1;Škubánky
0;Telecí se zeleninou na šalvěji
0;Fajitas
1;Mango s jogurtem a chilli polevou
1;Pečené brambory a tvarohovo-cottagový dip
1;Mrkev s cizrnou po marocku
1;Moderní pohankovo-pšeničné bliny
0;Uzený rostbíf
0;Pečené selátko s jablečnou omáčkou
1;Cheesecake s makovými krekry
1;Chleba s houbami a olivovou gremolatou
0;Zvěřina po burgundsku
0;Rozpadavá žebírka glazovaná bourbonem
0;Kukuřičné hotdogy v indiánském stylu
1;Rychlé marocké masové kuličky
0;Špízy z panenky s fazolkami
0;Steaky s nízkého roštěnce se žampiony
0;Vydatné chili con carne
1;Bramborové 
0;VIDEO: Svíčková pečeně
1;Polentové hranolky s olivami a s aïoli
0;Vepřové roládky s omáčkou a česnekovými bramborami
0;Steak s omáčkou salmoriglio
0;Polévka z pštrosího krku
1;Carbonara s cuketami
1;Tapenáda s parmazánovou ciabattou a mozzarellou
0;Jehněčí tažín s batáty a datlemi
0;Džuveč s lilkem
0;Kuře dušené na červeném víně
1;Mrkvovo-kapustové karbanátky
1;Pizza ze špagetové dýně
1;Ztracená vejce s chorizem a špenátem
1;Základné rizoto z rúry
1;Špaldoto s koprovým pestem
1;Horká rajčata na vychlazeném jogurtu a chléb lavaš
0;Vepřové kotlety s hruškami
0;Burger Hawai
1;Křupavé brambory s vejci z bistra
1;pepper
0;Králičí marinované řízky
0;Naan pizza s mletým masem
0;Hovězí srdíčko na houbách a škvarkové brambory
1;Quinoové placičky s jogurtovým dipem
0;Štěpánská hovězí pečeně
0;Masová trojctihodná nádivka
0;Pečená šunka na cideru s kadeřávkem
1;Rychlá karamelizovaná brokolice
0;Párečkové špízy s medovo-harissovou glazurou
0;Vepřová plec s parmazánovou omáčkou
0;Hovězí líčka na tymiánu a šalvěji
1;Pečená kořenová zelenina
0;Nadívaný vepřový bůček
0;Jemné krůtí kari
1;Bramborák
1;Pomeranče & ředkvičky se skořicí
0;Maso a pivo
0;Králičí stehna na paprice s máslovým knedlíkem
1;Červené zelí dušené v troubě
1;Zelenina s pažitkovým dipem
0;Burgery à la salát Caesar
1;Bramborová smaženka s parmazánem
1;Marinované olivy s fenyklem
0;London particular
0;Jehněčí kotlety s hráškem a fetou
1;Grilovaná zelenina a bulgur
1;Jahody na kozím sýru
1;Penne all’arrabbiata po trentinsku
1;Pikantní pánev z červených cibulí
1;Povidlové tašky z bramborového těsta
1;Rizoto s cuketou a gorgonzolou
0;Vepřové špízky s pastiňákovým pyré
0;Hovězí maso se sezamem
1;Rozhuda s pažitkou
0;Hovězí pečeně s hořčično-křenovou šťávou
0;Burger s masovými závitky
1;Parmigiana - italský zapečený lilek (odlehčená verze)
1;Lilek s parmazánem
1;Letní omeleta
0;Šalfdorská pečínka
1;Jablka v karamelu
0;Vepřový řízek s polníčkovým salátem
0;Utopenci s česnekem
0;Pečená vepřová kýta
1;Kaše s hráškem
0;Vepřové kotletky v cidru se šalvějí a jablky
0;Hovězí na víně
0;Maiale tonnato
1;Pikantní zelné placky tepla
1;Svítek
1;Ruské bliny
0;Karamelizovaná žebírka s arašídovým máslem
1;Marocký dýňový kotlík
1;Hlívové ragú s krémovou polentou
1;Dokonalá milionářská vejce s chřestem
1;Radiatorri s fenyklem
1;Placičky s cottagem
0;Smažená játra s paprikami
1;Glazované karotky
1;Anglická snídaně
1;Duhové rolky
0;Carpaccio & tartar z hovězího masa
1;Opékaný sýrový knedlík ve vývaru
0;Hřejivý páj s mletým masem a sýrovou kaší
0;Zapečené veprové s brambory
1;Celerový krém s hříbky
1;Smažené sýrové jednohubky
1;Francouzské brambory s klobásou
0;Carpaccio z opečeného hovězího s křenovou smetanou
0;Starodávná hovězí pečeně na kávě
0;cocka
1;Jáhelné rizoto s houbami a tymiánem
0;Jednohubky s uzeným sýrem
1;3x ovocné smoothie
1;Grilovaná polenta
0;thajské recepty
1;Tyrolské knedlíčky se špenátem a gruyérem
1;Vejce v listovém košíku
0;Pečené hovězí & vepřové maso
1;Snídaně
1;Zapečený letní květák
1;Vajíčka po italsku
1;Mrkvová terina
1;Rýžová zmrzlina s medovými hruškami
0;Hovězí empanadas
0;Chili con carne s domácími pečenými fazolemi
0;Asijské kuličky s nudlovým salátem
1;Pečené brambory s rozmarýnem
0;Hovězí na česneku
0;Šunkový špíz s ananasem a sladkými bramborami
1;Omáčka ravigote
0;Vepřové plátky na houbách
0;Telecí scaloppini na marsale a smetaně
1;Zapečená mrkev s mákem
1;Omeleta k snídani
0;Svíčková espuma & pečený karlovarský knedlík podle šéfkuchaře
0;Pečená krkovička s jeřabinovou šťávou
0;Kotletky se šalotkami
0;Čevabčiči s pečeným rajčetem a paprikou
1;Marinovaný kozí sýr
0;Filipínské hovězí mechado
0;Hot dog s pivní cibulkou
0;Mapo tofu
0;Cikánská v žemli
1;Nové brambory s máslem a tvarohem s pažitkou
1;Omeleta s chipolatou & jarní cibulkou
0;Šťavnatá vepřová panenka
1;Houby po asijsku
1;Bylinkový bramborový salát
0;Živáňská jehla
0;Šťavnatá dušená divočina
0;Snadné hamburgery
0;Vepřové souvlaki
0;Navarin
0;Tagliata s olivovou salsou
1;Houbové pirožky s lučinou
0;Vánoční zelňačka
1;První dhal
1;Tofu kari
1;Dýně plněná pilafem
1;Jogurtový krém s ovocem
1;Lilek na grilu s houbami a omáčkou z podmáslí
0;Pomalu pečená jehněčí kýta se zeleninou
0;Pečená krkovice s jablečno-šalvějovou omáčkou a zelným salátem
1;Těstoviny se smetanou
1;Pečené batáty s harissovým jogurtem
1;Lečo pirohy
1;Kyprá zlatá rýže
0;Burgerdog plněný sýrem
1;Hráškové 'rizoto'
0;Steak s omáčkou z červeného vína
0;Kančí na víně se švestkami a hrozny
1;Tvarůžkový tatarák
0;Králík se slaninou
0;Hovězí bourguignon
0;Kofty s tahini omáčkou a květákovou rýží
1;Cuketové placičky s dipem
1;Ovocné domácí čatní
1;Brambory na loupačku s omáčkou pebre
0;Pečená panenka plněná sušeným ovocem
1;Gratinovaná dýně se šalvějí
0;Jadranská musaka
0;Uzená krkovička na cibulce
1;Smažená rýže natural s kokosovou omáčkou
1;Bramborová omeleta
1;Chřest s křupavou krustou
1;Nové brambory s ochuceným máslem
0;Pikantní žebírka
0;Ossobuco se šalvějí
0;Hoisin burger
1;Kořeněná brokolice
1;Pastinákové bramboráčky
0;Vepřové kotlety na špenátových lístcích
0;Rajčatová polévka s telecím a gremolatou
1;Snídaňové misky s červenou řepou a halloumi
1;Kedgeree
0;Kapří kuličky
0;Zelný závin s uzeným masem
1;Zapečený camembert s banketkami
1;Smažená dýně s rozinkami a piniovými oříšky
1;Vepřové maso
0;Pečené vepřové s jablečným salátem
0;Carpaccio
1;Houbové rizoto z trouby
0;Kebab s barbecue omáčkou
0;Rychlé a šťavnaté hovězí
1;Omeleta s parmazánem
1;Parmazánové brambory
0;Grilované vepřové ramínko
1;Cuketové placičky s haloumi
0;Gratinovaní šneci
1;Bramboraky ze sucheho chleba
1;Bramboráky z červené řepy
0;Italská vepřová roláda plněná čerstvou klobáskou
0;Vepřové v mléce
1;Krém z modrého sýra
1;Bretaňské palačinky s jablky a tvarohem
1;Grilované cukety
1;Zeleninová tempura s ochucenou majonézou
0;Kachna na jablkách a hroznech
1;Rančerská vejce
1;Domácí sýr
1;Ovocný salát s melounem a vanilkou
1;Halloumi pečený ve vinných listech
1;Červenořepný dhal s cizrnovými plackami
1;Kořeněná indická rýže
1;Pohanka s žampiony a cherry rajčaty
1;Plněné medailonky v sýrovém těstíčku
0;Tradiční segedínský guláš
0;Kouřové pečené vepřové s fazolemi
0;Mexické placky s vepřovým masem
1;Zapečené palačinky s houbami a cuketou
0;Klobásky Cumberland Christophera Robertsona
1;Sýr čedar
1;Smažená květenství - kosmatice
0;Švédské masové kuličky
1;Miniburgery s žampiony
0;Vietnamské letní závitky
1;Jednoduchý bílý chřest
1;Dýňové rizoto z listopadového čísla Apetitu
1;Letní veganské závitky
0;Ditiny opilé řízky
0;Telecí řízek s quinoou
1;Květákové kari s kokosovým mlékem
0;Mexické koule s rajčatovou omáčkou a sýrem
1;Bramborové pusinky
0;Noky s houbami a medailonky z panenky
1;Pao-c’ (baozi)
0;Hovězí burger s pažitkovým dipem
1;Schug
1;Lilkové pyré s kouřovou příchutí
1;Bloody mary
0;Miniburgery s rostbífem
1;Dvakrát pečené plněné sladké brambory
1;Penne s houbami a speckem
0;Uzené maso s třešňovou zavařeninou
0;Pomalu pečená vepřová krkovice na zelí
0;Kanec se šípkovou omáčkou
1;Sýrové prsty
1;Enchiladas se špenátem
0;Vařené hovězí žebro s hrachovou kaší
0;Kari s vepřovo-krevetovými masovými kuličkami
0;Argentinský steak s marinádou chimichurri
0;Zvěřinové klobásy zapečené v těstíčku
1;Grilovaná polenta s balzamikovými houbami
0;Hovězí nudličky po čínsku
1;Jemný ořechový knedlík s pastinákem
0;Trhané vepřové s mangem a kokosovou rýží
0;Uzená krkovička a kuřecí paličky nadivoko
0;Jehněčí na bylinkách
0;Játra s křenovo-kmínovou kaší
0;Klasický rostbíf
1;Brambůrky s česnekovým máslem a dvojí hrášek s jarní cibulkou
1;Indické květákové kari (žluté) s hráškem
0;Pomalu pečená jehněčí kýta na česneku s kaší
0;Vepřová pečeně s kořenovou zeleninou
1;Nočky se dvěma druhy sýra a slaninou
1;Celerová remuláda na topinkách z českého chleba
0;Krkovička z trouby
0;Nejlepší bún chả
1;Jednoduché a rychlé bramboráky
1;Letní zelenina se šunkou a polentou
1;Růžovky na kmíně
0;Zapékané kotlety se smetanou a houbami 
0;Líčka na víně
0;Hovězí carpaccio s nakládanými citrony a kapary
1;Houbový závin s vejcem
1;Zapečený lilek s mozarellou a parmezánem
1;Vejce naměkko s toustíky
1;Křupavé prstíky s kozím sýrem a mátou
1; Španělská tortilla de patatas
0;Záhorácký závitek
0;Kapustové karbanátky s jablečnou kaší
1;Pálivý smažený sýr
1;Kokosové kari s tofu
1;Plněné cuketové soudky
0;Biftek s třešněmi a gorgonzolou
0;Hovězí oháňka na víně
1;Pečené brambory s oháňkou
0;Luxusní sekaná
0;Dušené hovězí s koprem a s dýňovými noky
0;Červené kari s květákem a kokosovým mlékem
1;Bramborovo-batátové pyré
0;Jelení wellington s rybízovou omáčkou
1;Pečené batáty s cizrnou
1;Nakládaný hermelín s česnekem
1;Špenát s bramborami
1;Pečené ovoce v jogurtu
1;Nivové koule
1;Bramborové šišky
1;Mrkvová majonéza v jablku
0;Vepřové maso po asijsku s houbami šiitake
1;Letní ovoce v čokoládě
0;Rostbíf na grilu se dvěma omáčkami
1;Domácí müsli s jogurtem a ovocem
0;Hrachovo-bramborová kaše podle Viléma Vrabce
0;Pečené kotlety se smetanovým kedlubnovým zelím
1;Plněné vejce s lososem
0;Záhoráky se zelím
0;VIDEO: Nadýchané řízky
0;Jordánské plněné vinné listy s omáčkou a jehněčími kotletkami
1;Štědrovečerní kuba
1;Plněné avokádo
1;Vodnice v solné krustě a hořčicovo-smetanová omáčka
1;Mungo burgery
0;Smažená telecí játra s cibulkou
0;Plněné kedlubny s vepřovým masem a kari
1;Rýže s karamelizovanou cibulkou
1;Zapečená cuketa
1;Grilované cukety s česnekem
1;Základní recept na rýži
1;Krémové rizoto
1;Řepový závin s kozím sýrem
1;Frittata s jarní cibulkou a houbami
0;Hovězí steak s omáčkou z portského a hranolky
0;Dušené hovězí po italsku
1;Teplý fazolovo-houbový salát s pečeným česnekem
1;Ředkvičky zapečené s medem a skořicí
1;Indické bramborové kari s kopřivami
1;Šťouchané brambory s rozmarýnem
1;Rukolové závitky
1;Pikantní zelená čočka s opékaným panýrem
0; Ossobuco milanese
1;Nakládaný chřest
1;Kouřový lilek s pečenými paprikami a granátovým jablkem
1;Tortilly z trouby se žampiony a sýrem brie
0;Podmáslový řízek s jablkovým salátem
1;Rajčátka v alobalu
0;Nadýchané biftečky
1;Grilovaná zelenina s bazalkou
0;Pečené vepřové kotlety à la puttanesca
1;Kofty ze zeleného hrášku v kari omáčce po paňdžábsku
0;Jehněčí s vůní Orientu
1;Slaný koláč s květákem a rozmarýnem
1;Pikantní vegetariánská vajíčka
1;Gratinované topinambury s cibulí
0;Burgery s trhaným vepřovým na cidru
1;Pečený česnek s rajčatovou bruschettou
0;Smažené telecí nožičky
0;Pečené uzené koleno s povidlovým glazé
1;Frittata z trouby s květákem
0;Vepřová panenka s bílým chřestem
1;Pečené lilky s čočkou a kozím sýrem
1;Dýňový hummus
0; Pljeskavica v chlebu pita
1;Houbová omáčka a bacán
0;VIDEO: Vepřová panenka plněná špenátem a mozzarellou
0;Svíčková jako burger
0;Mnichovský řízek
0;Hovězí consommé Sarah Bernhardt s nočky
0;Hotdogy s pivní cibulkou
0;Bylinkovo-česnekový vepřový bok
1;Marinovaná feta s pečenou paprikou
0;Dušené jehněčí kolínko se špenátem a bramborami
0;Pečená hovězí žebra s květákovým pyré a červenou řepou
0;Bibimbap
1;Pečené brambory s omáčkou z fety
1;Omeleta s fetou a tuňákem
0;Špízy hovězí a cuketa
0;Grilované jehněčí kotletky s pikantním kuskusem
1;Gnocchi zapékané s brokolicí a špenátem
1;Ztracené vejce
1;Ruský sýr
1;Plněné chilli papričky
1;Fazolky s česnekem a nivou
1;Omeleta s cuketou
0;Rostbíf s tatarkou
0;Karbanátky
0;Telecí pečeně nastudeno
1;Tropický ovocný salát
0;Pošírovaná hovězí špička se zeleninou a knedlíčky
1;Marocký kořeněný koláč
1;Pečené brokolicové nočky
0;Vepřová plec s kořeněnou nádivkou
0;Vepřová pečeně s celerem
1;Sýrová terina s barevným salátem
0;Dušená kachna s nudlemi
1;Smažená mozzarella na listovém salátu
1;Poctivá bramboračka
1;safranove rizoto
0;Řízky po námořnicku
0;Milánská kotleta
0;Živáňská pečeně
1;Sýrové tyčinky
0;Kotlety s hořčicí
0;Burger s grilovaným hovězím srdcem a křupavou slaninou 
1;Bramborový krém s vůní lanýžů
0;Rostbíf na hořčičném semínku
1;Zapečený špenát s pošírovaným vejcem a křupavou slaninou
1;Šťouchané brambory se špenátem
1;Mléčná rýže s čerstvým ovocem
1;Polenta
0;Bifteki se salátem a rozmarýnovými bramborami
1;Kari z ožehnutého lilku
0;Dokonalé boloňské ragú
0;Telecí kotlety s bylinkovým máslem a hráškovým pyré
1;Grilované houby
0;Masové kuličky v bleskové omáčce
1;Domácí mascarpone
1;Opékaná kapusta se slaninou
1;Mušličky s balzamikovými rajčaty a mozzarellou
0;Vepřové špízy & jižanský bramborový salát
0;Glazovaná jehněčí plec s česnekovými bramborami
1;Dýňová frittata s kozím sýrem
1;Plněné vejce s čedarem a chilli
1;Zapečené brambory se špenátem a bešamelem
0;Domácí paštika s bílým vínem a provensálským kořením
1;Ostré nachos
1;Těstoviny s šalotkami
1;Zapečený patizon a hokkaido
0;Rozmarýnové jehněčí a pečené brambory
0;Španělští ptáčci podle Dřevikovského
0;Burrito ve skle
0;Pečená květová špička se špenátem a knedlíky
0;Uzené s hrachovou kaší
1;Zelená pšenice s fenyklem
0;Kančí ragú s křupavou pokličkou
0;Kuřecí játra s chorizem & brambory
1;Sendvič se ztraceným vejcem a špenátem
1;Langoš LIP
1;Omeleta se žampiony a sýrovým krémem
1;Babčák
1;Houbový tatarák
1;Červená pšenice s dýní
0;Suvlaki 
1;Špenát
1;Hruška Krásná Helena
0;Pečená jehněčí kýta s kaparovým máslem a mátovou omáčkou
0;Kotlety se šalvějovým máslem
0;Hovězí pupek se žampionovou omáčkou
0;Telecí se svatební křenovo-mandlovou omáčkou
1;Pečená jablka v medu s tvarohovým krémem
1;Vegetariánská miska s falafelem
1;Bleskové rajčatové kari s lilkem
1;Rizoto se špenátem
1;Zapečená brokolice s chlebem a slaninou
0;Vepřové maso s fazolemi
1;Nasucho pečené papriky
1;Pikantní sýrové zákusky
0;Cassoulet s jehněčími kolínky
1;Bramborové drobce
0;Guláš s čepicí z listového těsta
1;Terina s modrým sýrem
1;Houbová paštika
1;Topinky s gorgonzolou a kopřivami
0;Uzené nasladko s bramborovými šiškami
0;Tatarský biftek ve stylu Alba
1;Rýže s houbami a citronem
0;Kuře na kapustičkách 
1;Lilky s neapolskou omáčkou
0;Šťavnatý špíz
0;Guláš z trouby
1;Křenové bliny s červenou řepou a uzeným pstruhem
1;Zasmahnutá brokolice s kešu oříšky
1;Quiche s dýní a listy červené řepy
1;Rajčatovo- bazalková granita
0;Vepřové závitky s ořechy
0;Sekaná z hub
1;Kořeněný bulgur s pečenými paprikami
1;Šalotky ve vinné omáčce
1;Špagetová dýně zapečená se sýrem
1;Omeleta z trouby s mandlemi a quinoou
0; Italské karbanátky a zelenina v troubě
1;Čekanka s pršutem a gremolatou
0;Vepřová roláda se slaninou a jablky
0;Vinná klobása s červeným zelím
0;Salát s telecím a křupavými bramborami
0;Kančí steaky na brusinkách se šťouchanmými brambory
0;Marinované vepřové kotlety
1;Svěží zapečené nachos
0;Vepřová líčka na cideru s jablky
1;Vrstvený kuba
1;Bramborové noky s gorgonzolou
1;Fazolkový paprikáš & halušky
1;Jarní sladké cibulky s kouřovou omáčkou romesco
1;Srbská vajíčka
0;Bažantí stehna se zelím a bramborovými knedlíčky
1;Smažená zelenina s majonézou
0;Mleté hovězí maso zapečené v bramborové kaši
0;Jehněčí na grilu s hráškem a fetou
0;Jehněčí špízy s tzatziki a chlebovými plackami
0;Hovězí salát s kapary
0;Ragú z artyčoků s králíkem
1;Domácí pivní sýr
0;Švédské kuličky ve smetanové omáčce
1;Zapečené brambory s makrelou
0;Telecí na paprice
1;Dýně z trouby
1;Vejce Benedikt podle šéfkuchaře Marka Fichtnera
0;Zapečené maso s bagetou
0;Vepřové s ovocným salátem
0;Šunka nasladko
1;Toasty s pečeným česnekem a kozím sýrem
1;Lilek zapečený s fetou
1;Zeleninové pakorky
0;Eintopf s vepřovým masem
1;Nasi Dagang
1;Lečo
1;Drobné ovoce se smetanou (a pár promile)
0;Vepřové na švestkách
0;Pečená kolena
0;Prejt s lepenicí
0;Jehněčí nožičky v červeném víně
0;Cizrnové palačinky s mletým masem a mangoldem
1;Zmáčklé brambory
1;Brambory na loupačku s domácí tatarkou
1;Grilované slívy
1;Omeleta s dýní
0;Pomalu vařený marinovaný bůček
1;Plněná rajčata po řecku
1;Šunkové válečky
0;Ambrozie z Verchlábe
1;Zeleninové kari s řapíkatým celerem
0;Krkovice s gulášovou šťávou
0;Klasická sekaná
0;Glazované vepřové kotlety
1;Dýňové špagety se slaninou a sýrem
0;Pennette s uzeným sýrem a zeleninou
1;Květák zapečený s paprikami a smetanou
1;Letní špagety s rajčaty
1;Brambory se salsou verde
0;Dušené hovězí carbonnade
0;Voňavý jehněčí kebab
1;Pórek na víně s tymiánem
1;Grilované batáty
1;Paprikové špízy
1;Zelený vegeburger
0;Vepřová pečeně se zelím
1;Chřestová terinka s kozím sýrem
0;Marocké ragú s kuskusem
1;Jarní rizoto s misem
1;Švédský salát
1;Olivy k snídani
0;Zázvorová šunka s kumquaty
1;Rajčatový koláč z těsta s olivovým olejem
0;Krkovička na asijský způsob
1;Bramborová kaše s olivovým olejem a citronem
0;Pikantní mleté vepřové s bramborovou kaší
1;Florentská vejce
1;Gratinované brambory s jablky
0;Savojské klobásky (diots) na bílém víně
0;Vepřová pečínka v mléce
1;Kelovy gulas
1;Sýrové jednohubky na slaných krekrech
0;Pečený bůček s nakládanou ředkví
1;Matzo brei se salámem a cibulí
0;Čína
1;Kořeněný tažín
0;Rostbíf s dresinkem z letních bylin
1;Mix olivy
1;Sladce pálivé zeleninové kari
1;Pastinákové hranolky s parmazánem
0;BBQ nachos
0;Hovězí tacos
1;Potočnicový salát s vejcem
1;Vejce zapečená se špenátem a parmazánem
1;Sejkory s medem
0;Daňčí roštěnky po burgundsku
0;Vepřový bůček glazovaný medem a černým pivem
1;Ricottové knedlíčky se špenátem
0;Steak s omáčkou pizzaiola
0;Vepřové špízy s citronem
0;Jehněčí kotlety s marockým kořením a ratatouille
1;Rizoto s medvědím česnekem
1;Zapečené česnekové brambory
0;Páj s uzeným kolenem
0; Česnekový vepřový řízek s bylinkovou krustičkou
0;Masové koule & omáčka chimichurri
1;Grilované plněné papriky s kuskusem
1;Zapečená dýně Hokkaido s česnekem a kozím sýrem
1;Čerstvý měkký sýr
1;Nakládané ředkvičky s koprem
1;Rizoto s máslovou dýní
1;Bramborová kaše s hráškem a sýrem
0;Grilované jehněčí kotlety s bylinkami
0;Uzené zapečené s kysaným zelím a bramborami
1;Pizza v mini
0;Dušená hovězí plec na šalotce
1;Batátový krém s uzenou paprikou
0;Vepřové s pórkem 
0;Pomalu pečený králík s česnekem
0;Kotletky s cukrovou kůrkou
1;Toust se špenátem s kopřivami
0;Kraslice
0;Ouška s trojím hráškem
0;Steak s křenem na toustu
1;Nachos se salsou
0;Panenka v kabátku se salátkem
1;Čokoládový rýžový pudink
1;Špenátové suflé
0;Klobásky na víně s ostružinami a jalovcem
0;Maková panenka s olivovou salsou
0;Jehněčí plecko s rozmarýnem
1;Tofu paprikáš
1;Pečená zelenina s kroupami a bylinkovým pestem
1;Smažené hovězí po čínsku s kešu
0;Musaka
1;Tvarohová pomazánka s pečenými banány
0;Španělský ptáček
0;Pečené karbanátky s vínem & citronem
1;Guláš ze sojového masa
1;Houbový bramborový guláš
1;Polévka guacamole
1;Brambora ve slupce se šalvějí
0;Hovězí maso se sušenými rajčaty a rozmarýnem
0;Pomalu pečený bůček
0;Zapečené těstoviny s vepřovým masem a fenyklem
1;Krémové těstoviny s bazalkou
1;Smaženky s cuketou
1;Pečená kořeněná mrkev
0;Vepřová sekaná s houbami
0;Medailonky z vepřové panenky s opečenými bramborami
1;Grilovaný čerstvý sýr s prosciuttem
1;Plněné vinné listy z trouby
0;Burgery s rajčátky a červenou cibulí
0;Mexické masové kuličky s bramborami
1;Květák v octovém nálevu
1;Poslední rande
0;Guláš Székely neboli segedínský guláš
1;Pečená rajčata s piniovými jadérky a fetou
1;Bramborové placky na grilu
1;Pečený plněný lilek
0;Grilované tortilly s vepřovým a ananasovou salsou
0;Hovězí svíčková
1;Snídaně na vidličku
1;Pikantní karotkový salát
1;Omeleta s hráškem a šunkou
0;Steak z vysokého roštěnce
0;Vepřové na hruškách
1;Zapečené brambory se zeleninou a slaninou
0;Smažené marinované králičí řízky
0;Krkovička v pivu
1;Knedlíčky gyoza (bezmasé)
1;Špíz kokos a banán
0;Velikonoční hlavička s uzeným masem
1;Fusilli s ricottou a bazalkou
1;Těstoviny trikolora
1;‚Bublanina‘ se sardinkami a olivami
1;Sladká rýžová polévka
0;Kančí Stroganoff
1;Pečené lupínky z červené řepy s jogurtovým dipem
1;Zapečené těstoviny s brokolicí
1;Fazolky na másle
1;Lilkové curry
1;Bramborové knedlíky plněné uzeným masem
0;Staropolský bigos
1;Omeleta s kozím sýrem a paprikovým salámem
1;Květák zapečený s modrým sýrem
1;Těstoviny zapečené se čtyřmi sýry
0;Roštěnky Esterházyovy podle Sandtnerové
0;Jehněčí kolínka s balzamikovým octem
0;Vitello tonnato
0;Tex-mex vepřová žebírka s grilovanou kukuřicí
1;Ovocné suflé
0;Čevabčiči
0;Jehněčí na česneku a mátě
0;Utopenci se zelím
0;Roštěná od Evíka
1;Vejce s pikantní zálivkou
0;Dušené hovězí s řepou
1;Rozpečený kozí sýr
1;Bublání a pískání
1;Vynikající pomazánka z tofu a lahůdkového droždí
1;Gratinovaná brokolice se sýrem a rajčaty
1;Rajčatový koláč Tarte Provençale podle šéfkuchaře Davida Kaliny
1;Bylinková omeleta s rajčaty
0;Dušený králík 
1;Dušené batáty s fazolemi a čedarovými knedlíčky
0;Trhané vepřové à la hornado
1;Arroz doce - sladká rýžová specialita z Portugalska
0;Steak s pepřovo-smetanovou omáčkou
0;Dušená jehněčí plec
0;Krkovice na pivu se zeleninou
1;Zapečený houbový chlebíček
0;Čevabčiči se zeleninovou rýží
0;Srbské žebírko
1;Cuketová ‚lízátka‘
0;Kotlety na česneku
1;Pošírované hrušky v županu
0;Kotlety s přílohou z 1 plechu
1;Brokolicové karbanátky & šťouchané brambory
0;Sójovo-zázvorová žebírka
1;Indický špenát - Palak
0;Hovězí na houbách
0;Vepřové na hořčici a smetaně
1;Bramborová focaccia pugliese
0;Křupavé paličky se zeleninovými hranolky
1;Lahodná kokosová rýže
0;Jitrnice čistě z masa
1;Butter chicken
0;Burger s quinoou & tzatziki
1;Zelenina s bylinkovým dipem
0;Předpečené vepřové po čínsku
0;Muffiny ze sekané
1;Ovocné řízečky
1;Rizoto s houbami a sýrem
0;Maďarský rybí guláš
1;Pečená rajčata
0;Kandovaná slanina
0;Babiččina sekaná
1;Jarní panzanella s chřestem
1;Zapečený lilek
0;Šneci z vepřové panenky
1;Lesklá karotka Vichy
1;Zelí 
1;Rizoto s gorgonzolou a vlašskými ořechy
1;Pečená letní zelenina s cizrnou
1;Jahelno-pohankový nákyp s houbami
0;Králík s ořechovou omáčkou
0;Zbojnická pečínka
1;Koprovka s pošírovaným vejcem
0;Karbanátky Lindström
0;Masové bochánky
0;Kapr načerno
0;Srnčí masové koule s houbovým ragú
1;Pchali z čerstvého špenátu
0;Vepřová plec na pivu se salsou z ožehnutých rajčat
1;Okurkový salát s kefírovou zálivkou a falafelem
1;Absolutně dokonalý veganský burger
1;Rajčata s kuskusem s rajskou omáčkou
0;Pomalu pečený ocásek na černém pivu
0;Vepřové plátky à la saltimbocca
1;Ostrá jižanská rýže z mikrovlnky
0;Guláš bez míchání
1;Jednoduché brambory na plechu
0;Kořeněné vepřové špejle
1;Domácí krémový sýr na pečivo
1;Tradiční anglická snídaně
0;Kořeněné jehněčí po marocku
1;Brambory zapečené s fenyklem
1;Lilkový baba ganuš
1;Nemasové kuličky s houbovou omáčkou
0;Rychlé jehněčí ragú
1;Špecle se sýrem a trojí cibulkou
1;Tradiční ratatouille
0;Vepřové kotlety na lilku
0;Pravý vídeňský řízek
1;Brambory na loupačku
1;Bílý chřest se sauce gribiche
0;Kološvárské zelí
1;Divoká rýže s cibulkami a oříšky
1;Základní kukuřičná smaženka
1;Opečená rýže se zázvorem
0;Pečený vepřový bůček
1;Plněné žampiony mojí sestry
0;Uzené kotlety zapečené se zelím
0;Nakládané ředkvičky narychlo
1;Zeleninové Ragú
1;Sýrové prkénko
0;Dokonalá svíčková pečeně
1;Pikantní ovocné salsy
1;Špenátové noky s houbami
0;Masové koule se špagetami a rajčatovo-paprikovou omáčkou
1;Tofu se zeleninou
0;Králík na paprice
0;Domácí lahodný burger
0;Karlovarská telecí roláda
0;Steak na barevném pepři
0;Korejské japchae
1;Sýrový salát s javorovým jogurtem
0;Telecí roláda s jarními bylinkami
1;Kuře s pastinákem
1;Dýňové rizoto
1;Těstoviny s artyčoky a citronem
1;Květák se sýrem
1;Vegetariánské knedlíčky
0;Smažené jehněčí kotlety
0;Biftek Chateaubriand
1;Polévka z bílého chřestu
1;Zelenina s bramborovo-jahelnými nočky
1;Omeleta s tuňákem a kukuřicí
1;Bramborová jelítka Goja
1;Trhanec s meruňkami
0;Lahůdková sekaná se sýrovými šťouchanými bramborami
1;Kedlubnové skleničky
1;bramborovy salat s chobotnici
1;Rizoto pod grilem
0;Dušené hovězí s fazolemi a paprikami
0;Bůček pěti vůní s křupavou kůží
1;Bramborový salát s jarní cibulkou
1;Lilkový kaviár - Caviar d´aubergine
0;Noční vepřové s fazolemi
1;Italské rizoro
0;Vepřové po gudžarátsku
1;Rozpečený camembert 4x jinak
0;Párky v košíčku
1;Vejce zapečená v rajských jablíčkách
1;Těstoviny s domácím bylinkovým pestem
1;Vejce do skla
1;Omeleta s hráškem a šunkou
1;cuketovo-dýňový guláš
0;Voňavé kotlety
1;Brambory salsa verde
0;Pošírovaná hovězí svíčková s ořechy a řeřichou
0;Karbanátky dědy Bohouše
0;Rychlé hovězí s brokolicí z jedné pánve
0;Dvakrát pečený bůček s jablečnou omáčkou
0;Foie gras s karamelizovanými jablky a cibulkami
1;Nasi goreng se saté z tofu
0;Řecké masové kuličky s dipem z fety a ořechů
0;Mleté maso na arabský způsob
1;Brokolice s voňavou strouhankou
1;Bylinková bramborová kaše
0;Ražniči s remuládou
1;Lepenice
0;Kotlíkový guláš s klobásou
1;Cibulové kroužky ve slanině
0;Hovězí líčka na pivě
1;Pečená karotka s kozím sýrem
0;Rostbíf na česneku
0;Špenátová žemlovka s uzeným masem
0;Karamelové vepřové s cibulkami a se salátem
0;Zabijačkový guláš dušený v troubě
0;Opékané mleté maso s chilli
1;Grilovaný mléčný česnek
1;Houby ve vlastní štávě
0;Vepřové plátky s brusinkami
0;Dušené hovězí po čínsku
1;Gado gado
1;Pečené brambory se sýrem taleggio a tymiánem
0;Chalupářský burger
1;Luštěninový hummus s kozím sýrem
1;Květákové buffalo tacos
1;Welsh rarebit
1;Pomerančová rýže
1;Plněné pečené brambory s chilli a sýrem brie
0;Snová kaše s uzeným a kyselými okurkami
1;Bazalková frittata
0;Bleskurychlý rostbíf
1;Celerová kaše s kapary a pancettou
0;Kroupy se špenátem a mletým vepřovým masem
1;Šlehaný hermelín se salátem a ořechy
0;Hovězí hrudí s křenovou krustičkou a mrkvičkami
1;Plněné vejce se sardelkami
1;Tofu ramen se špenátem
1;Carpaccio z červené řepy podle Zdeňka Pohlreicha
1;Kroupový pilaf s brusinkami
0;Jehněčí plec s cizrnou
0;Jelení hřbet s dýňovým zelím
0;Italské závitky zvané involtini
1;Špíz chorizo & sýr
0;Roláda z jehněčího krku a bramborovým salátem
0;Svíčková s pečenými knedlíky
1;Bramborový salát podle šéfkuchaře Richarda Fuchse
0;Jehněčí plec s červenou harissou
0;Steak s chřestem a holandskou omáčkou
0;Trojctihodná roláda
1;Omeleta s kimči
0;Rumpsteak a omáčka Ambiente
0;Grilované jehněčí s pečeným fenyklem a relišem z hroznového vína
1;Parmazánový twister
0;Koprová omáčka s hovězím masem a zastřeným vejcem
0;Gulášová polévka
1;Smažený sýr s tatarskou omáčkou
1;Penne ricce se špenátem
0;Brandy paštika s pepřem
1;Zapečené žampiony s kozím sýrem
0;Mexické pomalu pečené vepřové maso se zelenou salsou
0;Chilli con Carne i pro děti
1;Zapečné brambory
0;Uzený jazyk s křenovým dipem a jablečnými povidly
1;Portobello burger
0;Vařený jazyk s mandlovou omáčkou a rýží
1;Celerové řízky se salsou verde
1;Brambory zapečené s cibulí a klobáskami
1;Smažená rýže s vejci
1;Bramborové krokety plněné povidly
0;Vepřové řízky v oříškovém kabátě
1;Studená okurková polévka s jogurtem a koprem
0;Křehká vepřová pečeně v mléce
1;Cuketová mouka
1;Sýrové fondue s hruškovicí
0;Skopové karbanátky
1;Kopřivová nádivka se špenátem a bazalkou
1;Rychlý guláš s knedlíky z polenty
0;Steak à la Stroganoff s pečenými batáty
0;Hovězí steak s bylinkovým máslem
1;Kořeněná pečená jablka
1;Cuketové placičky
1;Rýžový nákyp s hruškami
0;Zaklechtaná slepice
0;Rýžové kostky s hovězím miso
0;Masové špízy marinované v kokosovém jogurtu
1;Krémový pórek s citronovou strouhankou
0;Srnčí paštika v hrníčku
0;Stir-fry s játry a pórkem
0;Vepřová pečeně s rajčaty
0;Cornish pasty
1;Frittata se špenátem
0;Masové tyčinky s tvarůžky
0;Hovězí hrudí na cibuli s fazolkami 
0;Řízek se zelným salátem
0;Obrácené řízky
0;Masové taštičky s cibulkami
1;Camembert s omáčkou z černého rybízu
0;Jehněčí na víně
1;Smažené mrkvové lupínky s římským kmínem
0;Vepřový steak s jablky
1;Řepa zapečená s fetou
0;Jelení ragú s ostružinami
1;Sendvič žampiony & feta
1;Těstoviny s tomatovou omáčkou
1;Kapustové karbanátky s jablečnou kaší
0;Telecí maso na lžíci s kari omáčkou a zeleninou
0;Vývar z hovězí oháňky s kuřecími nočky
0;Hovězí na pivě s bylinkovými knedlíčky
0;Jehněčí kýta pečená s jarními cibulkami
0;Vepřové dělové koule
1;Crostini s dipem z fety
0;Hovězí & brokolice ve woku
1;Zelená infuze
0;Ragú z hovězí kližky s ricottou
1;Máslový pórek a glazovaná karotka
0;Kančí paštika
0;Králík v balíčku s tymiánem
0;Vepřová panenka plněná špenátem a mozzarellou
1;Kedlubnové řízky s bylinkovou polentou a mrkvičkami
1;Blanšírování: Chřest se spáleným máslem
1;Cibule se sýrem
0;Kapsičky s mletým masem
1;Zapečený květák s bramborami
0;Medovo-hořčičný steak
0;Bůček pečený na šalvěji
1;Polentové škubánky se čtyřmi druhy sýra
1;Fruit cobbler (ovocný nákyp)
1;Plněné pečené brambory s avokádem a ricottou
0;Steaky s chimichurri & karamelizované papriky
0;Pečený uzený vepřový bok s přesbidlem
1;Zapékaná řepa dvou barev s tuřínem a ředkví
0;Chilli karbanátky se zázvorem
0;Zajíc na šípkové omáčce podle restaurace U Lípy
1;Nasi goreng
0;Grilované uzené s květákem
0;Vepřová roláda
1;Pečená jablka na cideru
1;Houbové ragú podle Kitchen story
1;Brambory dauphinois (francouzské zapékané brambory)
1;Rychlé nasi goreng
0;Klobása s pálenkou cachaça
0;Burgery z krůtího masa a cukety s jarní cibulkou a římským kmínem
0;Hovězí steak s hořčičnou omáčkou
1;Květákový krém
0;Vepřové závitky s jablky a křenem
0;Myslivecká pečeně
1;Pečený tuřín s parmazánem
1;Rýžový kuba
1;Gratinovaný fenykl
1;Cuketová nádivka dědy Jirky
1;Vejce à la Florentine
0;Svíčková ve slaném těstě
1;Bleskové rajské rizoto
1;Bocconcini s petrželkou a chilli
0;Pomalu pečený králík s česnekem
1;Bramborové lístečky s fenyklovým zelím a dipem
1;Plněné vejce se šalotkou a jablky
0;Asijský Sloppy Joe
1;Gentlemanovo potěšení s míchanými vejci
0;Krkovice podle Magdaleny Dobromily Rettigové
1;Kapsy s hráškovými šiškami
1;Lilky s parmazánem
1;Bramborová bageta
1;Bramborové knedlíky - základní recept
0;Hot dog s karamelizovanou cibulkou
1;Omeleta v řeckém stylu
1;Lívanečky s čerstvým sýrem a brokolicí
1;Houbovo-celerové bramboráky se slaninou
0;Sendvič se steakem a karamelizovanou cibulkou
1;Zapečené lilky po italsku
1;Květáková smažená rýže
0;Vepřový stroganoff
0;Pljeskavica
0;Dušená hovězí líčka na víně s bramborovou kaší
0;Zapečené lilky plněné jehněčím
1;Lečo de luxe
0;Grilovaná panenka v pitě s jogurtovým dipem
1;Pravé nasi goreng
1;Cuketové rolky
1;Nakládaný květák s topinkami a gorgonzolou
1;Fajitas ze seitanu
1;Indické palačinky dosa s kořeněnými bramborami
0;Zapečené chorizo s bramborami
0;Vepřové medailonky s koprovým pestem a minignocchi
0;Dokonalý domácí hamburger
1;Sójové maso se sherry
1;Ovocný salát s ananasem
0;SILNÝ HOVĚZÍ VÝVAR Z HRUDÍ
1;Bleskový houbový guláš
0;Vepřové s lilkem
1;Sněhová pěna s ovocem
0;Domácí játrová paštika s brusinkami a brandy
0;Králičí korma s rýží a heřmánkovými rozinkami
1;Smažené tvarůžky
1;Paneer - farmářský sýr
0;Španělský ptáček podle Marka Všetečky
1;Lilky s vůní ryb
0;Bifteky jednohubky
1;Houby zapečené s pohankou
1;Rajčata ve vodce
0;Dušené hovězí s ledvinkami
1;Domácí čerstvý  sýr bez syřidla
1;Domácí smetanový sýr à la ricotta
0;Hovězí Stroganof
0;Pečené jehněčí kolínko s česnekem a jalovcem
0;Španělské ptáčky babičky Marušky
0;Hovězí nudličky v pikantní horčičné marinádě
1;Sezamové nudle s tofu
1;Placičky s tofu a sójovým granulátem
1;Krabička s hummusem a falafelem
0;Boloňská omáčka
1;Křupavé jednohubky s fetou
0;Česnekové řízky z krkovice v trojobalu
1;Sendvič se šunkou a vejcem
1;Brambory s brynzou
1;Zapékaná smetanová dýně s bramborami a kapustou
1;Dýňové vlnky s červenou cibulí na polentě
0;Rostbíf z květové špičky
1;Liptovský tatarák
0;Jehněčí kotletky s brokolicí
1;Rýžový pudink Malta
1;Marinovaný kozí sýr
0;Králík v hrníčku
1;Toč
0;Plněné cukety
1;Cibule po sicilsku
0;Jehněčí polévka s kuskusem
1;Francouzský toust s vejcem a sýrem
1;Penne rigate s kozím sýrem
1;Bramborovošpaldové knedlíky
0;Vinná klobása na černém pivě
0;Slezský bigos
0;Vepřový řízek s rebarborovým zelím
1;Sendviče z plochého chleba s dýní
1;Bramborový knedlík
0;Pečená husa se zelím
0;Bůček na koriandru se zeleninou
0;Cordon bleu z vepřového
1;Zapékané čekanky v tmavé šunce
1;Rajčátka plněná kuskusem
1;Tabouleh s pečeným květákem
0;Zvěřina na pivu s opilými švestkami
1;Bramboráky po indicku
0;Masové balíčky
0;Krkovice s paprikami
1;Základní bramborová kaše
0;Sušené maso jerky
0;Hovězí salát s křenem
1;Ovesná kaše s hráškem a fazolkami
1;Nakládaná rajčata
0;Masové kuličky se sýrem a bílým pepřem pečené na batátech
0;Míchané karbanátky s kapustou a zázvorem
0;Nadívané telecí hrudí s bramborovou kaší
0;Pikantní hovězí guláš s chilli
1;Provensálská zelenina s vejci
1;Celozrnné rizoto se zázvorem
1;Srílanské řepné kari
0;Špízy se slaninou
1;Papriky s chorizem
1;Medailonky z uzeného tempehu v olivové krustě
1;Zapečené placky
1;Vařený květák se sýrem
1;Masala vada
0;Telecí demi-glace
0;Bánh mì thit
1;Houbové rizoto s marinovanou řepou
1;Nadýchaná letní omeleta
0;Vaškův guláš z trouby
1;Millefeuille z chřestu
1;Zeleninové casserole
1;Kapustičky s klikvou
0;Rostbíf s bramborovým salátem
1;Ostrá omeleta
0;Jehněčí kofty s bylinkovým kuskusem
1;Křupavé nové brambory
0;Plněná vepřová kotleta
1;Zelenina po čínsku
0;Králičí roláda na mléce
1;Chřest s omáčkou z tuňáka
1;Lodičky s modrým sýrem a ořechy
0;Hovězí steak s fenyklem a galangalem
0;Korejská hovězí polévka s černou ředkví a domácí kimči
1;Avokádo s kukuřicí
1;Zapečená rajčata s bramborami a bazalkou
1;Cukety a lilky (s náplní)
0;Skandinávské mleté maso s bramborami
1;Pohanka se žampiony a polníčkem
1;Smažený čerstvý sýr s ochuceným medem
1;Brambory s fetou a oreganem
1;Zapečený chřest s parmskou šunkou
0;Vepřová plec na paprice
1;Krémový hrášek s pancettou
0;Crostini s hovězí šunkou
0;Hovězí kari rendang
1;Krémový fenykl
1;Jalovcové zelí
0;Masové kuličky v bešamelu
0;Dušená líčka se salsou verde
0;Kančí roláda s bylinkami a pancettou
1;Lilek a cukety a papriky z pánve
0;Španělský ptáček podle Hany Kolářové
1;Zapečená rajčata plněná sýrem
1;Cannelloni s ricottou a cuketou
1;Lilková parmigiana
0;Maďarský guláš
1;Žampiony exoticky naložené
1;Kuskusové placičky s fetou
0;Masové koule zapečené s pestem a mozzarellou
0;Korejský sendvič s hovězím masem a cibulkovým salátem
1;Karolininy bramborové šišky se strouhankou
0;Vepřová krkovice na kmíně
0;Vepřové medailonky s houbami a jablky
0;Pomalu pečená srnčí kýta
1;Základní sýrové gnocchi
1;Špaldoto s medvědím česnekem
0;Kořeněné hovězí v thajském stylu
0;Vepřové klobásky se špenátem a česnekovo-kaparovými bramborami
1;Castellane s karamelizovanými rajčátky a brusinkami
0;Uzené s ananasovou salsou
1; Fenyklovo-rajčatové ragú
0;Francouzské škvarky rillettes
0;Mleté bochánky s parmazánovou krustou
1;Roštěnka se sázeným vejcem a hranolky
1;Sýrové koule
0;Pečený králík s kmínem
1;Gruzínský adžabsandal
0;Šunka s ricottou
1;Pórkový koláč s hořčicí a mrkví
0;Jednoduchý králík na másle s cibulí
1;Sýr s pršutem a řeřichou
0;Skvela svickova omacka
1;Penne ricce se šalvějovým pestem
1;Strašidla v bažině
1;Vegetariánské chilli
0;Pomalu pečené jehněčí kolínko se špenátem
1;Špaldový nákyp se špenátem a kozím sýrem
1;Krůtí maso zapečené s bramborami a zeleninou
1;Vaječná tlačenka
0;Hovězí maso na víně se žampióny 
0;Jehněčí pečené na česneku a oreganu
1;Vejce pečená s fazolemi a rajčatovou omáčkou
0;Jehněčí po španělsku
1;Salát s kozím sýrem a ořechy
0;Daňčí hřbet s perníkem a dýní
0;Telecí ledvinky s omáčkou z hrubozrnné hořčice
1;Nádivka na způsob krkonošského hubníku
0;Křepelky dušené na cibuli se šafránem a cizrnou
0;Vepřové kotlety s glazurou
0;Hovězí ragú se zeleninou a čočkou
1;Bramborové krokety
0;Hovězí plátky na houbách
1;Rýžový nákyp se sušenými švestkami v portském
1;Plněné žampiony portobello
1;Carpaccio z červené řepy a kozího sýra
1;Teplý salát z napařované zeleniny a marinovaného tofu
0;Hovězí vývar s játrovými knedlíčky a nudlemi
1;Smažený sýr v hrnku
0;Maso a brambory z jedné pánve
1;Brokolicovo-květáková rýže s kuskusem a opékaným sýrem
1;Cuketový koláč s tymiánem a kozím sýrem
1;Kapsičky se šunkou a houbami
1;Velikonoční nádivka s kopřivami (hlavička)
0;Pečená jehněčí kýta se špenátem a nádivkou
1;Mlecna ryze - najrecept
1;Grilované houby s kozím sýrem
0;Valašský kontrabáš
1;Gratin ze zeleniny
1;Glazované hrušky
0;Chorizo flambované vodkou
1;Brambory pečené v husím sádle
0;Vepřový guláš z plece a jater s těstovinami
0;Vepřová pečínka s liškami
1;Zelné flíčky s houbami
1;Italské rizoto z trouby
1;Kapustové karbanátky
0;Vepřové medailonky s liškovou omáčkou
0;Klasický hot dog
0;Jehněčí plec nadivoko s domácími papardelle
0;Vepřová roláda se švestkovou omáčkou
0;Hovězí omáčka s brambory
0;Kang khew wan neur (hovězí zelené kari)
1;Patatas bravas s uzenou paprikou
0;Vepřové won ton
1;Pilaf s rozmarýnem a modrými hrozny
1;Barevná miska s čočkou a halloumi
1;Tvarůžky v libečkovém pestu
1;Ovocný sorbet s mátou
1;Květák s garnáty
0;Žebírka na bourbonu
1;Popraskané brambůrky na víně
0;Vepřový steak se salátem z čekanky
1;Sýrové suflé s hořčičným práškem
0;Domácí hamburger
1;Grenadýrmarš s tempehem
1;Sýrová pochoutka se zeleninou
0;Rib-eye steak s bylinkovým máslem
1;Paprikový krém
1;Květáková tempura
1;Zapečená zahradnická směs
1;Švestkové knedlíky z bramborového těsta
1;Opékané cukety s lososem
1;Rýžové arancine s ragú
1;Středomořské špagety
1;Fettuccine s masem a ztraceným vejcem
1;Batátové crostini s modrým sýrem
0;Zapečené masové kuličky po italsku
1;Risotto alla contadina (venkovské rizoto)
1;Proteinový box
1;Pečená plněná dýně
0;Medailonky z panenky s polentou
0;Argentinský steak s omáčkou chimichurri
1;Rýžový pudink s rozinkami
1;Avokádový salát s cherry rajčaty
0;Telecí na víně
1;Plněné cibule
1;Bramborové kari
0;Japonské závitky negimaki
1;Cuketový koláč s tymiánem a kozím sýrem
1;Zapečená dýně s jáhlami a s kysanou zeleninou
1;Kari s pórkovo-hráškovými knedlíčky
1;Houbové rizoto s grilovanými krevetami
1;Ratatouille na toustech
1;Dutch baby s pečenými rajčátky
1;Pečené česnekové brambory
0;Pikantní vepřové nudličky
1;Chow-chow
0;Snídaňová šalvějová grilovací klobása Tomáše Babince
1;Bruschetta se sardinakami
1;Nasládlé pečené cibulky
0;Králičí terina
1;Zapečený krémový pórek
0;Burger s grilovaným lilkem
0;Zprudka opečené vepřové panenky s cibulkami
1;Zeleninový závin
1;Zapečený špenát
1;Plněné cukety
1;Houbovo-bramborový salát
1;Vaječná omeleta se salátkem
0;Domácí drůbeží paštika
1;Smetanové brambory s pažitkou a tahini
0;Bylinkové kuře s novými bramborami
1;Květákové kung pao
1;Zapečené cuketky
1;Žemle s vejci
0;Pikantní vepřové
0;Aromatické dušené hovězí
0;Bun bo Nam Bo
1;Růžičková kapusta zapečená se sýrem
1;Salsa z mrkve a pomerančů
0;Hovězí na černých fazolích
1;Smažené houby s česnekovou majonézou
1;Květák s mrkví v kari nálevu
1;Zapečený pastinák a sladké brambory
1;Cizrna s datlemi
0;Vepřová kotleta s kukuřicí a zlatou BBQ omáčkou
1;Pilaf se zlatou cibulkou
1;Babiččiny květákové placičky
0;Saltimbocca
1;Mrkvové placičky s ostrým jogurtovým dipem
0;Roštěnka s balzamikovým octem
1;Pasta rustica
1;Kükü (perská omeleta)
1;Bramborové lívanečky
1;Kaviár z lilku
1;Květák smažený po italsku s křupavou kůrčičkou
1;Mrkvové rizoto
0;Tmavá šunka s ovocnou salsou
1;Oříškové kapustičky
0;Vepřová žebírka glazovaná pivem
0;Trhaný bažant ve vývaru se pikantními knedlíčky
1;Opékaný lilek a cukety s rajčaty a mozzarellou
0;Dušená zvěřina se zeleninou
0;Závitky z vepřové panenky po sicilsku
1;Omeleta se žampiony a plísňovým sýrem
0;Dušená roštěnka se zapraženou krupicí
0;Telecí karbanátky po mexicku
1;Vegeburger ze sojového granulátu
1;Omeletky s výhonky
0;Hamburger
1;Rajčatový tarte Tatin
1;Květák jako francouzské brambory
0;Krůtí roláda s vinnou klobásou
0;Empanada
0;Jehněčí kýta s letní zeleninovou směsí
0;Telecí roláda s nádivkou a novými bramborami
0;Marocké hovězí
1;Nakládané ředkvičky narychlo
1;Lečo na způsob shakshuky
1;Salát gado gado s arašídovým dipem
1;Čínská kuřecí pánvička
0;Hovězí maso v koprové omáčce podle Ondřeje Slaniny
0;Sendvič se steakem a máslovou cibulkou
1;Kambodžské červené kari podle Sofie Smith
1;Kořeněné špízy s halloumi a melounem
0;Hovězí ptáčky na židovský způsob
0;Kotletky se šalotkami a hruškami
0;Kančí segedín
1;Anglická snídaně z jedné pánve
0;Vepřové balíčky se šalvějí a slaninou
0;Králík na smetaně
1;Tetina sýrová pomazánka
1;Houby ve sladkokyselém nálevu
1;Pastinákové pyré
1;Krémový mangold
1;Drbáky
1;Řepné burgery s ovesnými vločkami
1;Tabbouleh s mátovým labne
1;Květáková vellutata
0;Mámina sekaná
0;Třicetiminutové dušené kuře
1;Cuketové placičky s kari
0;Pečený vepřový bůček na pivu a česneku s jarními cibulkami
1;Smažená květáková rýže s volským okem
1;Nakládaný hermelín Peloton
1;Pečená polenta se zeleninou
1;Gratinovaná zelená zelenina
1;Vaječná omeleta s čedarem a bylinkami
0;Steak se zálivkou z kozího sýra a oliv
1;Koprovka s bramborem a vajíčkem
1;Řepa z papíru
0;Telecí saltimbocca
0;Hovězí oháňka s pomerančem
0;Hovězí biftek
0;Vepřová pečeně
1;Fermentované ovesné vločky
1;Dýňové špalíčky s javorovou hořčicí
1;Indické jednohubky se špenátem a halloumi
0;Medailonky z panenky se svítkovými nudlemi a salátkem
0;Řízky plněné křenem
1;Grilované cibulky s holandskou omáčkou
1;Květákové placičky se sýrem a tatarkou
0;Kotlety s jablky
0;Steak s bylinkovým máslem
0;Nadívané jehněčí kotletky
1;Sýrová roláda
1;Placky pappadums s rajčatovou salsou
1;Placky se zeleninovým kari
1;Relish z jarní cibulky
0;Kynuté buchty
0;Konfitování: Vepřové s mrkví
1;Houbovy kuskus s rukolou
0;Pikantní kotlety s pečenou mrkví a rýžovým salátem
0;Hovězí kofty
1;Pečené fazolovo-rýžové karbanátky
1;Kaštanový krém s hříbky
0;Vepřové kotlety s hruškami
1;Sicilská dýně
1;Plněné pečené brambory s houbami & fetou
0;Sendvič s hovězím masem
1; Vejce Benedikt s uzeným pstruhem a holandskou omáčkou s yuzu
1;Zeleninový džuveč
1;Zelené fazolky na smetaně s koprem
0;Hovězí roštěná na cibuli
1;Cuketky se sýrem
1;Pikantní nakládaný sýr
0;Rajská omáčka s telecím masem
1;Suflé s hráškem
1;Miska Zelené bohyně
1;Čedarové vdolečky
1;Kokosový pudink z černé rýže
1;Vajíčka zapečená v chlebových hnízdech
1;Opékaný čerstvý sýr s citronem
1;Risotto primavera
0;Sekaná s bramborem a mladým zelím
0;Šťavnatá peperonata
0;Zapečené plátky krkovice se smetanovými brambory
1;Čínské nudle s tofu a oříšky
0;Vepřové burgery s nivou
1;Pečený ovocný krém
0;Klobásky v hořčičné omáčce s jablky
0;Italská porchetta
1;Lučinové těstoviny se šalotkou a rajčaty
0;Asijský salát s hovězím masem
1;Dýňové rizoto s kurkumou
1;Zelíčka na česneku a vinném octu
1;Bramborový závin
1;Domácí těstoviny se šalvějí podle Markéty Pavleje
1;Arašídová směs s uzenou paprikou
1;Sýrovo-paprikové tyčinky
0;Nedělní dobrota
1;Knedlíky z brambor a rohlíků
0;Pivní sekaná
0;Jehněčí kýta v bylinkové krustě
0;Hovězí hrudí na paprice a pivě
1;Jihoamerický fazolový burger
1;Americké brambory
0;Šlehačkové kotlety
0;Klasické masové kuličky v rajčatové omáčce
0;Telecí hrudí plněné žemlovou nádivkou
1;Ztracená vejce s chorizem a bramborami
0;Tacos plněné dušeným vepřovým
1;Žampiony s česnekem
1;Falafel z 5 ingrediencí
0;Zapečené těstoviny s masovými koulemi
1;Horský sýrový pekáček
1;Ratatouille
1;Vejce v toustovém chlebu
0;Dušené telecí maso na šalvěji
1;Naložená zelenina
1;Kuba
1;Sázená vejce s chorizem a chilli
1;Palačinky plněné špenátem
0;Vepřová žebírka s cizrnou
1;Zapečené brambory s lilkem
1;Tymiánové bramborové pyré
0;Telecí roláda se špenátem a piniovými oříšky
1;Zelenina na grilu
0;Mandlové řízečky z vepřové panenky
0;Králík na smetaně po německu
1;Cuketový koláč s kozím sýrem
0;Mexický hrnec
1;Arabský sýr labne
0;Bůček pěti vůní s křupavou kůží
0;Špagety s masovými kuličkami
0;Guláš s bramborovou krustou
1;Grilovaný květák se zeleným salátem a tahini zálivkou
0;Vepřová kotleta se smetanovým pórkem a špenátovými špeclemi
0;Rýže z trouby s mletým masem
1;Guacamolové špízy
1;Bramborová kaše s batáty
1;Galetka s růžičkovou kapustou a slaninou
1;Houbové koule s fazolemi a smetanovou omáčkou
0;Masové koule se schovanými kapustičkami
1;Focaccia s fíky a kozím sýrem
1;Velikonoční syrek
0;Vepřové v mrkvi
1;Bramborové noky
0;Pikantní utopenci
0;Smažené býčí žlázy
0;Vepřové kotlety s citrony a bylinkami
0;Tagliatelle s vepřovým ragú
1;Kukuřičné jednohubky s olivami a ančovičkou
1;Zapečený bulgur se špenátem
0;Vepřová roláda s růžovým a zeleným pepřem
0;Klobásky ve slanině s šalotkovou bramborovou kaší
0;Masová soljanka
1;Salát z bílé ředkve s wakame
0;Vídeňský řízek
1;Pečená hlíva ústřičná s kaší z brambor a celeru
0;Pappardelle s hovězím a tyrolským špekem
1;Cizrnové placičky s pórkem
1;Nové brambory s citronovo-pažitkovým máslem
0;Vepřová panenka ve slanině s liškami 
1;Peprný kozí sýr se sušenými rajčaty
0;Kořeněný tažín
1;Slaný cibulový koláč
1;Glazovaná řepa
0;Karbanátky s bramborami a okurkovým salátem
1;Šťouchané brambory s klobáskami a okurkami
1;Frittata s cuketou a bramborami
0;Vepřová žebírka TexMex
1;Domácí lučina
0;Zapečené špekáčky
1;Vejce Benedikt
0;Hovězí polévka
1;Opékaný bílý sýr s pikantním kuskusem
0;Vepřové na červeném zelí
0;Telecí kotlety s lilkovou krustou
0;Domácí paštika ve slaninové krustě
0;Zapečené klobásky
1;Topinky se sýrem
0;Netradiční plněné papriky
1;Jahelné bramboráky se lněným semínkem
1;Snídaně v anglickém stylu
0;Empanadas s masom
0;Steak z vysokého roštěnce v červené curry pastě podle Ondřeje Slaniny
1;Křupavé lupínky z červené řepy
0;Guláš v dalamánku
0;Sekaná s paprikami a olivami
1;Sýrové bochánky
1;Mozzarella s ančovičkami a červenou řepou
1;Lečo na způsob shakshuky
1;Hemenex
1;Kapustičky opékané na pánvi
1;Sýrové míčky
0;Králík na medu s červenou řepou a olivami
0;Asijské masové kuličky
0;Pappardelle s telecím ragú
0;Kuře amatriciana
1;Rýžový pudink s jablky
1;Konfitovaná třešňová rajčátka
0;Vepřová pečeně v bylinkové marinádě
0;Koriandrový steak se zeleninovým salátem
1;Rizoto s houbami a špenátem
1;Svítek s parmazánem
1;Rajská jablka plněná
0;Telecí s kaparovým máslem
0;Pikantní paella s mušlemi a vepřovým masem
0;Vepřové a kuřecí špízy s dipem z jogurtu a fety
1;Tvarůžky v pivním těstíčku
1;Labne
0;Hovězí s nudlemi a zelím
0;Vepřové plátky
1;Bramborové chipsy
1;Vegetariánský burger s pickles
1;Ovocné lasí
0;Lodičky s krevetovo-vepřovou pikantní směsí
1;Orientální vaječné závitky
0;Latinské grilování
0;Jehněčí na víně 
1;Pekáček s obří cuketou
1;Sýrový krém s pažitkou a červeným pepřem
0;Telecí paštika pod ovocným želé
1;Krémová polenta s mascarpone
1;Sýrové cuketové placičky
1;Červená řepa s česnekem
0;Telecí řízky v hrubé strouhance
1;Vejce Benedikt v bagetě
1;Ožehnuté mrkve s vlašskými ořechy a pomerančem
0;Pečené vepřové ocásky s kedlubnovým zelím
0;Jehněčí na tymiánu
1;Vaječné bagetky
0;Pomalu pečená hovězí žebra
1;Bageta s vejcem a avokádem
0;Balzamikové jehněčí na rozmarýnu
0;Rozmazlený králík
1;Houbovo-tymiánové rizoto z trouby
0;Segedínský guláš podle Ondřeje Slaniny
1;Šalotkový tarte Tatin
1;Květák a brokolice v Hrašce
1;Špecle se šalvějí
1;Sklenička feta
1;Kuskus s haloumi a ztraceným vejcem
0;Vepřová žebra na pivu a zelno-jablkový salát
0;Cordon Bleu
1;Orientální rizoto
1;Bramborové placky
0;Králičí ragú s mandlovou nádivkou podle Tita Eliáše
0;Perfekní pečené jehněčí
1;Fíky & mozzarella
0;Burgery plněné čedarem & se zelným salátkem a smaženou šalotkou
1;Grilované ovocné balíčky
1;Květáková rýže
0;Hovězí burgery
0;Empanadas de morocho s chilli omáčkou ají
0;Králík na česneku s bramborovými noky
0;Srbské rizoto
1;Šťouchané brambory s pečeným česnekem
1;Farfalle se žlutou paprikou
0;Masový závin s tymiánem
0;musaka jadranská
0;Masové kuličky a fazole v rajčatové omáčce
0;Mleté maso s bramborami a špenátem
0;Švédské masové kuličky ve smetanové omáčce
0;Vepřové vindaloo
1;Pečená zimní zelenina s kozím sýrem
0;Obalované králičí řízky
1;Brambory zapečené se žampiony a mascarpone
1;Omeleta Arnolda Bennetta
0;Hotdogy s rajčatovou salsou
1;Zapékané brambory se zeleninou
1;Tvarůžková jablíčka
1;Opékané cukety
0;Rajská sekaná
0;Krůtí sekaná
1;Rychlé plněné placky
0;Hovězí pod pastinákem
1;Zapečené gnocchi
0;Pečené masové kuličky s houbami a česnekem
1;Bulky s medvědím česnekem
0;Singapurské nudle
1;Rajčatová esence
1;Bramboráčky z trouby
0;Plněné vinné listy
0;Thajské červené kari s lososem
1;Pětizrnná kaše
1;Skotská vejce
1;Celerový gratin
1;Glazované tofu s nakládanou zeleninou
1;Těstoviny s krémem z karotky
1;Veganský wellington
0;Zapečené vrstvené zelí s mletým masem
1;Kroupové rizoto & žampiony
0;Jehněčí v pistáciovo-citronové krustě
0;Klobásková variace
0;Vepřové ‚buffalo‘ uši s omáčkou z modrého sýra
1;Nové brambory s česnekovým máslem
0;Hovězí s koprovou omáčkou
0;Kotlety s kaki zavařeninou
0;Rychlé nudle s brokolicí a masem
1;Těstoviny al dente s opečeným lilkem
0;Hovězí líčka na víně s bramborovou kaší
1;Květákové placičky
1;Casserole s klobásou a rajčaty
1;Zapečené špenátové palačinky
0;Asijský bůček v housce
0;Milánská kotleta
0;Hovězí pečeně s červenou řepou a křenem
1;Tataráček ze zeleného chřestu a avokáda
1;Caprese
1;Kaše s mascarpone a tymiánem
1;Zapečená ricotta s polevou a švestkami
0;Kotlety s pestem
1;Grilované avokádo s pikantním hummusem a jogurtovou omáčkou s tahini
1;Plněné lilky s rajčaty
0;Grilovaná kotleta s batátovými hranolky a jablečnou omáčkou
0;Jehněčí plec nadivoko s domácími papardelle
0;Ostré vepřovo-ananasové špízy
1;Rizoto s pečeným česnekem a pestem
1;Smažená mozzarella s pikantní omáčkou
1;Olivová tapenáda s rozpečeným sýrem
0;Boeuf bourguignon podle Julie Child
1;Pórkové koláčky se sýrem
0;Vepřová kotleta
0;Pečená vepřová žebírka s jablečným křenem
0;Valašské škračky
1;Rýže z Ghany
1;Grilovaná zelenina z trouby
0;Pečený vepřový bůček s žemlovou nádivkou
1;Bramborové oříšky
0;Dršťky po kreolsku
1;Zapečené brambory s dijonskou hořčicí
0;Miniburgery s kimči majonézou
0;Stroganoff
0;Vepřové s jablky
1;Zapečený fenykl
1;Těstoviny se špenátem a  modrým sýrem
0;Vepřové kotletky se slaninovými ředkvičkami
1;Papriky s čočkou a vejci
1;Terina s dýní
0;Svíčková ze zvěřiny
0;Bochánky na páře s vepřovým bůčkem
1;Egg nog
0;Daňčí steak v jalovci a bylinkách
0;Játra na cibulce
1;Sýrovo-šunková roláda s modrým sýrem
0;Koložvárska kapusta (zelí)
1;Křupavé nové brambůrky
1;Plněné pečené brambory s pancettou a hráškem
1;Obalovaná vejce
0;Pečený ocásek na česneku se strapačkami
0;Spaghetti bolognese
0;Gulášová polévka z líček
0;Vepřová pánvička s arašídy
1;Pastináková kaše s jablky
0;Půlnoční maso
1;Těstoviny s dýní a mozzarellovým máslem
0;Hovězí na česneku se špenátem
1;Salát s ostružinami a řepou dvou barev
1;Plněná cuketa
1;Huevos rancheros
1;Chřest s tuňákovou omáčkou (à la vitello tonnato)
0;Jitrnice
0;Jehněčí kuličky s bramborami
0;Vepřové s hořčicí a rozmarýnem
1;Horký hummus se sezamovými semínky
1;Tofu v těstíčku
0;Masové koule & brambory v kysaném zelí
1;VIDEO: Španělská omeleta
0;Jelení medailonky ve slanině s hranolky
0;Luxusní cheeseburger
0;Steak s argentinským pestem
0;Cuketa plněná masem a houbami
1;Plněné vejce s bylinkami
1;Čínská pánvička se zeleninou a oříšky kešu
1;Mladá karotka se sezamem
0;Domácí světlá tlačenka
0;Vepřové špízy s koriandrem
0;Opilá zvěřina se sýrovou polentou
1;Kuba z čerstvých hub se škvarky
0;Medové uzené s bulgurem
0;Kofty se zelným salátem
1;Koláčky se špenátem a fetou
1;Křupavá snídaně z pánve (hash brown)
0;Terina z oháňky a líček
1;Španělská vejce
1;Omeleta s černou ředkví
1;Těstoviny s krémem z ricotty se špenátem
0;Vepřové kotlety s pomeranči
1; Salát z pečené mrkve
1;Opulentní smaženky
1;Smažený hermelín s americkýma bramborama
0;Kůzlečí ragú v mléce
0;Izraelská hamshuka
1;Bramborové věnečky
0;Vepřový šašlik s ředkvičkovým dipem
1;Succotash s grilovanou polentou
0;Turecký jehněčí pilaf
1;Grilovaný sýr s bylinkami
1;Ledový salát se ztraceným vejcem
1;Bramborové kopečky podle Sandtnerové
0;Špízy s bílým sýrem na rozmarýnu
0;Jemné masové kuličky se špenátem
1;Špenátový koláč
1;Grilované plněné papriky
0;Kotlety s kapustovou kaší a asijskou omáčkou s jablky
0;Krkovice na šalotkách
0;Vepřový burger s ananasem
1;Cuketové želé s citronem a zázvorem
1;Broskvovo-malinový krambl
1;Šafránové rizoto s glazovanou mrkvičkou
0;Plněné uzlíčky
0;Hovězí steak na pepři s bramborovými rösti
0;Moravský vrabec se špenátem
0;Kotlety s červeným zelím
1;Domácí tavený sýr z tvarohu
0;Hovězí karbanátky s nivou
0;Španělská šunka
1;Smažený květák & domácí tatarská omáčka
0;Živáňská pečeně z krkovice
0;Coniglio alla cacciatora (králík po myslivecku)
1;Obalované kapustičky
1;Mozzarella ve vinném listu
1;VIDEO: Prstíky s čokoládou
1;Mačkané brambory z plechu
1;Sýrová mísa s nakládanými fíky
0;Kůzlečí řízky s dipem
1;Sklenička mozzarella
0;Snadná domácí slanina
1;Gratinované brambory
1;Sýrová roláda s uzeným lososem a řeřichou
0;Vepřové ossobuco s křenovou gremolatou a šťouchanými brambory
1;Palačinky se špenátem
0;Opékané kotlety se skořicovými jablky
0;Pečínka v seně
1;Smetanovo-houbové gnocchi
0;Pečená žebírka v javorové marinádě
0;Hovězí burritos
0;Pikantní pečená žebírka
0;Rychlé marocké masové kuličky
1;Zapečená ricotta
0;Opékané hovězí se zeleninou
1;Pečená cuketa k chlebu
1;Bramboráky od Rýna
0;Kuřecí paličky se salátem coleslaw
1;Brambory v sýrovém bešamelu
1;Plněné pečené brambory s česnekem a bylinkami
1;Dýňový pilaf s houbami a gorgonzolou
0;Vepřová žebírka
1;Vejce Benedikt s holandskou omáčkou
1;Červená řepa po burgundsku
0;Drůbeží paštika se želé z portského vína
1;Zeleninové rizoto
0;Pikantní klobásky
1;Kari rýže s kuřetem
1;Křupavé sýrové jalapeños
1;Základní rizoto z trouby
1;Grilované cukety s opečenou rybou
1;Salsa criolla
1;Hummus
0;Vepřové medailonky s camembertem
0;Vepřové špalíky s pancettou a pečenými bramborami
1;Celozrnné bramborovo-špaldové noky
0;Špagetová dýně plněná ve stylu tacos
0;Sendvič s masovými kuličkami
1;Rajčatovo-fenyklový gratin
1;Zapečená vejce se šunkou
1;Ricotta s balzamikovým octem a rajčátky
0;Hovězí ruličky plněné mozzarellou
0;Hovězí filet pečený na hořčici se smetanovými houbami
1;Pečené kaštany s rozmarýnem
1;Zeleninové košíčky zapečené s kozím sýrem
0;Pikantní jatýrka
1;Česnekové cuketky
1;Omeleta à la pizza
1;Gratinovaný špenát
1;Vajíčka s ančovičkou
1;Vinný zabaglione s ovocem
0;Steak s béarnskou omáčkou
0;hovezi steak s bylinkovym maslem
1;Škubánky s mákem a rumovými švestkami
0;Wrap s chorizem & vejce
0;Ossobuco po čínsku
1;Mrkvovo-rýžový závin s mandlemi
0;Zadělávané dršťky
1;Smažené celerové placky se sýrem
1;Kmínové pečené papriky s rajčaty a olivami
1;Vánoční zelňačka
0;Vepřové medailonky nasladko
1;Míchaná vejce po asijsku
1;Rajské zapečené brambory
0;Pečená jehněčí kýta s ančovičkami
1;Sýrové tyčinky se slaninou
0;Mleté maso s pečenými bramborami
1;Květákové kari s vejci
0;Dušená cizrna s uzeným
1;Aloo gobi neboli květák a brambory
0;Hovězí roštěnec se sladkými cibulkami a pečeným česnekem
1;řepné burgery
0;Balzamikový bůček s karamelizovanými jablky
0;Domácí škvarky
1;Zapečená vejce se sýrem
1;Zapečené palačinky se špenátem a rajčaty
0;Uzené kolínko pečené s bramborem
0;Jehněčí v sezamovo-jogurtové marinádě
1;Elotes (mexická grilovaná kukuřice)
1;Cuketové špagety s pistáciovým pestem
1;Špízy dýně & tofu
0;Ossobuco
0;Kotleta se šťouchanými bramborami a kapustičkami
1;Bleskové zelené kari
0;Vepřové kotlety na houbách
0;Segedínský guláš se zakysanou smetanou
1;VIDEO: Francouzská omeleta
1;Houbové arancini
1; Sýrové suflé s muškátovým oříškem
1;Cukeťáky - cuketové bramboráky
1;Cizrnový salát s vejci a rybičkami
0;Letní zelenina se šunkou a polentou
1;Vietnamské závitky
1;Reliš z červeného rybízu a cibule
1;Salát z černé rýže s naklíčeným hrachem
1;Pečený sýr s fíky a vlašskými ořechy
1;Rýžový pudink s karamelovými jablky
1;Bramborové knedlíky se švestkami
1;Kapusta zapékaná s bramborami a sýrem
1;Rajčata zapékaná s kozím sýrem a olivami
0;Jehněčí kebab
0;Rychlé kari
0;Sendvič s flank steakem
1;Salát z divoké rýže
1;Pečená jižní zelenina
1;Vejce v housce
1;Vegetariánská rýže po indicku
1;Bramboráky s uzeným masem
0;Pečená šunka
0;Skvělý steak
0;Vydatné klobásky
0;Svíčková
1;Rýžový salát à la děda Houser
1;Zelný koláč s rozinkami
1;Sýrové suflé s parmazánovou kůrčičkou
0;Orientální karbanátky
0;VIDEO: Vepřové se sladkou kůrčičkou a kuskusem
0;Montrealský pekáč ve stylu surf’n’turf
1;Mrkev s máslovou glazurou
1;Rukolové osvěžení
0;Telecí ragú s křenem
1;Frittata z trouby s květákem
1;Bramborový salát ze Středomoří
1;Rizoto s liškami
0;Vepřové špízy s pestem a rajčetem
0;Vepřová roláda s bramborovou kaší
1;Ovocné nigiri
1;Kořeněné batátové placičky
0;Pečený bůček s bochánky vařenými v páře
1;VIDEO: Zapečené kapustičky v krémové omáčce
0;Hovězí maso po asijsku s mátou a koriandrem
1;Zeleninové kari s jablkem
0;Zapečené vepřové na pivě s toustíky
1;Hráškové výhonky s rýží
0;Jehněčí s krustou z javorového sirupu a pepře
1;Zázvorové nudle s houbami
1;Zapečená ztracená vejce
1;Raclette s ovocem a ořechy
1;Rychlé ratatouille s balzamikovým octem
0;Bramborový guláš s krůtou a paprikou
1;Glazované šalotky na víně
0;Kančí guláš podle staročeského receptu
1;Marinovaná mozzarella
1;Vejce z kokotky
0;Klasický irský hrnec
1;Gratinované brambory se šalotkou a parmazánem
0;Vepřová kýta na šlehačce
1;Kofty s tahini omáčkou a květákovou rýží
0;Domácí klobásky krok za krokem
1;Quesadilly s kadeřávkem
0;Medový bůček na špaldovém salátu
1;Bleskové grilované pizzy s čerstvým sýrem
0;Voňavé vepřové s fenyklovým salátem
0;Nádivka s uzeným bůčkem a jarními bylinkami
1;Bramborový krém s pošírovaným vejcem a liškami
1;VIDEO: Rizoto s houbami a sýrem
1;Polentové lasagne
0;Vepřová panenka v bylinkách s pečenou zeleninou
1;Křenové bramboráky s křenovou smetanou
1;Knedlíky s vejci & rychlonakládačky
0;Vepřové špízky a arašídy & okurková salsa
0;Srnčí ragú se žampiony
0;Hovězí maso s hráškem
1;Cuketová čalamáda
0;Česnekové roštěnky
0;Středomořský hrnec s cuketovými knedlíčky
0;Lepkavá žebírka se salátem coleslaw a salsou
0;Bifteki se zeleninovou rýží
1;Opilé ovoce
1;Sladkobramborové hranolky s pikantním dipem
0;Loupaná plec s bramborovou kaší
1;Smažená rýže s kimči
1;Rychlý špenát
1;Olivové "miniburgery"
0;Jehněčí kotletky s římským kmínem na čočkovém salátu
0;Vepřové kotlety s kukuřičným pyré
1;Nejjednodušší rizoto s plody moře na světě
1;Rizoto s červenou řepou
1;Pikantní linguine s houbami
0;Koláč s telecím masem a houbami
1;Rýžový salát se zeleninou
0;Vepřo knedlo zelo podle Václava Friče
0;Steak s citronem & bramborovým salátem
1;Kozí sýr s ořechovou krustou
0;Hovězí pečeně s hořčično-křenovou šťávou
1;Pečená ricotta s olivami a tymiánem
0;Šťavnatý klobáskový sendvič
1;Marinovaný panýr s kokosovou raitou a grilovaným chlebem naan
1;Žitné noky
1;Špenátová hnízda
0;Vepřové kotlety s fazolemi na víně
0;Svíčková se žemlovými knedlíky
1;Sezamovo-zázvorové špízy s tofu a šiitake
1;Rychlé rizoto
1;Cukety s orzem a kozím sýrem
1;Grilovaný pórek s oříškovou zálivkou
1;Kuba s dvojími houbami
0;Dušené jehněčí s šalotkami a cibulkou
0;Vepřové se sušenou šunkou a šalvějí
0;Thajské burgery s batáty & ananasovou salsou
1;Desetiminutové tortellini
0;Bleskové zapečené maso
1;Marocký tažin
0;Eintopf s uzeným a kapustou
1;Pečené batáty se sójovou omáčkou
0;Jehněčí hřebínek v bylinkovém kabátku
0;Skandinávské kuličky s okurkovým salátem
0;Králík na bílém víně se zeleninou a olivami 
1;Krémový zapečený fenykl
1;Zelenina z plechu
1;Kapustové karbanátky s bramborovo-sýrovou kaší
0;Krkovice se zelným salátem
0;Kůzlečí pečeně na másle s estragonem a bramborami
0;Vepřové maso na víně a bylinkách
1;Pečené broskve s růžovou vodou
0;Hovězí na pivu s čedarovými knedlíčky
1;Houbové škvarky
0;Kořeněná vepřová pečínka na medu
0;Bůček s bramborami
1;Türlü aneb ratatouille po turecku
0;Opékané brambory s klobáskami a křenovou remuládou
1;Pálivá rýže z jediné pánve
0;Jehněčí burger s mozzarellou
1;Vejce & brambory
0;Masový sendvič
1;Tousty s míchanými vejci a zeleným chřestem
1;Krémový špenát s pečenými knedlíky
1;Jarní toust
0;Maso v krustě z ovesných vloček
0;Pořádná kotleta s jablečným relišem s chilli
1;Cibulové briošky
1;Pastinákový salát s oříšky a pivní zálivkou
1;Cuketové lívanečky s ricottou
0;Hovězí loupaná plec v mrkvi
1;Křupavé brambůrky s česnekem a šalvějí
0;Vídeňský telecí řízek s bramborovým salátem
0;Jehněčí kýta s jarní zeleninou a mátovou omáčkou
1; Bramborové košíčky s vejcem
1;Pečený květák
1;Torteliny recept
1;Zeleninové a bramborové špízy na rozmarýnu
0;Vepřové sweet and sour
1;Cannelloni s ricottou a kadeřávkem
0;Kachní stehna dušená se zeleninou
0;Hovězí jazyk po pekingsku
0;Kořeněná kotleta s rýží
1;Nakládaný hermelín José v lázních
1;Lehké krémové rizoto s hráškem a parmazánem
1;Gratinované brambory Dauphinoise
1;Houbovec z Krkonoš
1;Brokolice s chilli strouhankou
1;Stir fry z ledového salátu s pikantním tofu
0;Pomalu pečený bůček s bramborami boulangère
1;Batátové noky s ricottou
0;Casserole s klobásou a rajčaty
0;Wok s brokolicí a omáčkou z černých fazolí + hovězí steak
0;Hovězí v sójové marinádě
0;Moravský vrabec se špenátem a bramborovým knedlíkem
1;Jarní závitky z rýžových placiček
0;Vepřové ossobuco s pomerančovou gremolatou a mrkvovým pyré
0;Grilované vepřové kolínko na asijský způsob
0;Steak na cibulce
1;Sladká rýže a zabaglione ze švestkového vína
1;Těstoviny s lehkou cuketovou omáčkou
1;Zapečené houby s vejci
0;Paštika s cibulovou marmeládou
0;Vepřová pečeně s medovou krustou
1;Libanonská musaka
1;Řecký rýžový salát
1;Kapustové karbanátky se ztraceným vejcem
0;Roastbeef
0;Kotletky se sýrem a bramborami
0;Vepřové kuličky s fenyklem a gremolatou
0;Masové koule & brambory v kysaném zelí
0;Reuben dog
1;Kynuté bramborové knedlíky
1;Karotkový pilaf
1;Špenátové závitky
0;Výpečky po formansku
1;Zeleninové kari
1;Tandoori květák s rýžovým salátem
0;Utopené špízky
1;Bramborová kaše s cibulkou
1;Omeletové zeleninové rolky
1;Krémová bramborová kaše s čedarem
1;Jeruzalémský hummus
0;Dvojitý burger
1;Špenátové kuličky s mátovým dipem
1;Raclette z trouby s celerovou remuládou
1;Salát Niçoise
1;Provensálský dýňový tian
1;Zelené kari s tofu a rýžovými nudlemi
1;Bramborákové vafle s houbami
0;Selečí kolínka na pivě
0;Jehněčí plátky s rajčaty a olivami
0;Výpečky/vrabec 
0;Navinulá cibule s vepřovým
1;Rýžový kuba s ořechovým olejem
1;Rolky z ředkve daikon
0;Šátečky 
1;Žampionový dhansak
0;Jehněčí s citronem
1;Středomořský hrnec s cuketovými knedlíčky
1;Rizoto s hráškovým pestem
0;Masové kuličky se smetanovou omáčkou
0;Utopenci
1;Zelenina na kuskusu s broskvovou omáčkou
0;Řízky se šalvějí a prosciuttem obalované v quinoe
0;Svíčkové řezy se šťouchanými bramborami
1;Čokoládové fondue s čerstvým ovocem
0;Nadýchané řízky
0;Grilované jehněčí kotletky
1;Rýže po indicku
1;Brambůrky s kyselou smetanou
1;Pečené fíky s javorovým sirupem
0;Karbanátky s lilkem
0;Biftek s pepřovou omáčkou
0;Pečené koleno
0;Francouzské vepřové ragú
0;Svíčková po italsku s tyrolským knedlíkem
0;Kořeněný dhal z červené čočky + jehněčí maso
0;Panenky s javorovým sirupem
1;Lilkové rolky s ricottou & omáčka z pečené papriky
0;Steak na červeném víně
1;Pralinky z ricotty a pistácií
0;Chateaubriand pečený v solné krustě s bylinkami
1;Vaječné lodičky
1;Nákyp s hráškem a slaninou
1;Bramborová buchta s mandlemi
1;Palak Aloo
1;Brambory s vejci
1;Pečený česnek
0;Tyrolský eintopf
0;Hovězí pečeně po cikánsku
0;Jehněčí kotlety
1;Perfektní smažené brambůrky
0;Terinka z vepřového masa
0;Köttbullar se smetanovou omáčkou - švédské masové kuličky
0;Vepřové na pomerančích
1;Krekry s řepovým pestem
0;Vepřová krkovice s čočkovým salátem
1;Rýžové nudle s kuřecím masem a tofu
0;Hovězí guláš s kapií
1;Olomoucké 
0;Vepřové špízy s bramborami
1;Květákový mozeček
1;Špenátové balíčky
0;Jemné pastýřské koláčky
0;Kůzlečí pečeně s bramborami
1;Pohanka s rajčatovou omáčkou
1;Génoise s ovocem (Génoise aux fruits)
1;Palačinky s ricottou zapékané s rajčatovou omáčkou
0;Šavarma z telecího masa
0;Guláš
1;Bramborové řízky
1;Pečené bramborové plátky a glazované zelíčko pak čoi
1;Bramborová kaše s medovou hořčicí
1;Ratatouille s kozím sýrem a bylinkovou drobenkou
1;Křupky kukuřičné
1;Bramborová s pečeným česnekem
1;Bramborova kase pod grilem
1;Mozzarellový salát s crème fraîche
1;Volské oko
0;Telecí blanket
0;Svíčková
0;Řecké masové kuličky s dipem z fety
1;Cappelletti s jarními cibulkami
1;Opékaný sýr akawi s okurkovým salátem
1;Bylinkové brambory
1;Zapečené papriky plněné jáhlami
1;Marinovaná feta
0;Kuličky z vinné klobásy
1;Omeleta s hráškem a sýrem
0;Vepřové na celeru a pomerančích
1;Zapečené gnocchi s brokolicí a sýrem
0;Jehněčí pečeně s bazalkovo-mátovým pestem
1;Chřest s estragonovým dresinkem
0;Kotlety v parmazánové omáčce
0;Tatarský biftek
1;Bramborák s cuketou a čerstvou majoránkou
1;Ovesné smaženky s mrkví
0;Zabijačkový guláš dušený v troubě
1;Jedlé kaštany
0;Veselý pekáč
1;Vláčná míchaná vejce se zeleninou
1;Luxusní ratatouille
1;Opékané sladké brambory s fetou a pošírovaným vejcem
1;Lučinová frittata s pórkem
0;Chilli con carne
1;Rajské fondue z kraje Valais
1;Topinky s tapenádou a vejcem
1;Teplý bramborový salát
1;Těstoviny primavera
0;Sekaná s fetou
1;Čínské houby s rýží
1;Parmazánové loďky
1;Bramborové placky se sýrem
1;Medová zimní zelenina
0;Klobásky v dušeném červeném zelí
0;Bůček s omáčkou ze švestek & špaldový salát
0;Grilovací klobásky zapečené v těstíčku
0;Steak s topinkami a salátem
1;Sushi pro začátečníky
0;Špagety s králíkem a olivami
1;Jarní rizoto s potočnicí
0;Vepřové maso se žampióny v sojové omáčce
0;Steakburgery v houbové omáčce
1;Domácí jogurt v pomalém hrnci
0;Krkovička pro vítanou návštěvu
1;Bramboračka s libečkem
0;Pečeně s jablky a rozmarýnem
1;Lupínky s pikantní pomazánkou
1;Zapékané brambory s houbami
0;Kořeněné hovězí chilli
1;Těstoviny s opečenou zeleninou
0;Čučvara (pelmeně po uzbecku)
1;Cuketové placičky s okurkovým salátkem
1;Cibule pečená v soli
1;Sladkokyselé kuře & paprika ve woku
0;Hovězí & fazolkové karbanátky
1;Vegetariánské rizoto
1;Košarí
1;Batátové lodičky s čočkou
0;Smaženky s jehněčím
1;Brambory přelité smetanou s ořechy
0;Placky s pomalu pečeným bůčkem po čínsku
1;Rozmáčknuté nové brambůrky
1;Šťouchané topinambury
1;Opékaný salát s tofu a chilli papričkou
0;Steak s omáčkou z kozího sýra
1;Kuskus se sušenými rajčaty
0;Kuře v buffalo omáčce s klínkovým salátem
1;Smažené plněné olivy
1;Kořeněné opékané brambory
0;Anglická hovězí pečeně čili roastbeef
1;Smažené plněné papričky
0;Tataráček & hranolky
0;Tagliatelle s kančím ragú a pecorinem di Pienza
0;Pečená jehněčí kýta s bramborami
0;Králík  s hruškami
0;Hovězí a vepřové satay s arašídovou omáčkou
0;Boloňské klobásky
1;Špenát s piniovými oříšky a česnekem
1;Petrželka na způsob kosmatice
0;Vepřová krkovička s cuketou na smetaně
0;Steak s pepřovou omáčkou
1;Fettuccine s lambruscem
1;Zlaté brambůrky
1;Kraslice
1;Burgery z řepy a fety
0;Šneci po burgundsku
0;Panenka s perníkovou omáčkou
0;Masové kuličky v rajčatové omáčce
1;Ovoce s vinnou pěnou
1;Třísýrová kaše
0;Rostbíf v hořčici
1;Vegetariánský Reuben sendvič
0;Sekaná s hořčicí a kmínem
0;Grilovaná panenka
0;Kotletky s jablkovým čatní
1;Hlívový guláš
0;Daňčí klobásky s pečenou zeleninou a cibulovou omáčkou
1;Brynzovník
1;Závin s bylinkovými bramborami
0;Poctivá sekaná pečená se zeleninou
0;Vařené vepřové maso se zimní zeleninou
1;Staročeský kuba
0;Domácí vinná klobása
1;Plněné lilky
0;Vepřové na zázvoru
0;Janina boloňská omáčka se špagetami
1;Nové brambory pečené s česnekem
1;Hermelín na grilu
1;Polévka s kousky čedaru a celeru
0;Citronové kuličky z vepřového
1;Hunc
0;Vepřové medailonky s olivovou krustou
1;Pečená dýně s chilli
1;Pečená vejce po mexicku
1;Smažený hermelín obalený v kokosu
1;Cuketové jednohubky s bazalkovým pestem
1;Kvašená zelenina
0;Kančí kýta s brusinkovou omáčkou
0;Bůček na sečuánském a růžovém pepři & karamel
0;Hovězí pečeně na víně
1;Galetky se špenátem a vejcem
1;Papričky jalapeños se sýrem
1;Pečený bramborák se zelím a uzeným
1;Rajčátka s avokádovou pěnou
0;Bleskurychlá musaka
1;Zelený pilaf
0;Řecké špízy
1;Sýrové krokety s řeřichou
1;Rýžovo-čočkový salát s červenou řepou
0;Rozmarýnový králík s bramborovými šiškami
1;Květák jako mozeček
0;VIDEO: Svíčková s Amnesty
0;Vepřové na pivě a medu
1;Patatas bravas s rajčatami a chilli
0;Jehněčí pilaf s kokosem a mangem
0;Jehněčí burger s grilovanými chilli papričkami
1;Salát s novými bramborami
1;Bramborová kaše s chilli a česnekem
1;Plněné pečené brambory
1;Vídeňský bramborový salát
1;Pikantní zelí
0;Maďarský perkelt
0;Císařské řízky s aïoli
1;Bílá houbová omáčka s žemličkami
1;Špagety s cuketou a pošírovaným kuřecím masem
1;Kedlubnové zelí
1;Česnekové oči
1;Bramborové chilli provázky
0;Kančí burger s brusinkami
1;Kadeřávkové lupínky s citronovou solí a dukkou
0;Netradičně tradiční vepřo knedlo zelo
0;Vepřové medailonky
0;Masové kuličky s ovocem
1;Bramborová kaše s hráškem
1;Kopřivová nádivka
0;Steak s portobellem a bramborovou kaší
1;Čapátí
1;Balzamikové kedlubny
0;Bůčková roláda
1;Krémová polévka s kapustou
0;Křenová omáčka z Lokálu
1;Zeleninové balíčky
0;Párečky v chilli omáčce
1;Gratinované brambory s tymiánem
1;Halušky s tvarohem
1;Zapékaný kozí sýr s medem a ořechy
1;Pondělní rýže
1;Pečená dýně se srirachou
1;Zelenina v těstíčku (tempura) se sójovou omáčkou
0;Špagety s králíkem a fíky
1;Brambory gratinované čtyřmi druhy sýrů
0;Pomalu pečená jehněčí kýta & brambory boulangère
1;Červená pšenice s červenou řepou
0;Telecí Saltimbocca - Chefparade
0;Masové kuličky s melounovým salátem
1;Houbová smaženice
0;Italské ossobuco - základní recept
0;Pečené klobásky s dýní
0;Burger s hovězím steakem
1;Těstoviny s lilkem a kouřovou omáčkou
1;Won ton
1;Domácí mozzarella
1;Citronové brambory
1;Toskánská ribollita
0;Vepřový bok na černém pivě
1;Letní vejce z jedné pánve
0;Vepřový bůček na chleba
1;Pečené rizoto s houbami
0;Grilované masové válečky s bylinkami
1;Bochánky s brokolicí a mortadellou
1;Bramborová omeleta s pikantním sýrem
0;Steak s grilovanými bramborami
0;Ostré hovézí s bylinným kuskusem
0;Houbová paštika
0;Pikantní masové kuličky
0;Hamburgery s plísňovým sýrem
1;Mačkané bylinkové brambory
1;Domácí jogurt
0;Blesková porchetta
0;Vařené hovězí žebro s feferonovou hořčicí a jablečným křenem
1;Mexická rýže
1;Jáhlový kuba
0;Vepřové kotlety se sladkokyselou cizrnou
1;Letní caponata
1;Červená řepa po burgundsku
0;Jehněčí burger
0;Hovězí tatarský biftek
0;Hovězí terijaki na salátových listech
1;Placičky ze špagetové dýně
0;Vepřová kotleta s fazolovým ragů
1;Salát z červené řepy se sýrem Cottage
1;Rizoto s červenou řepou
0;Utopenec
1;Sendvič s bramborovými chipsy
0;Vepřová terina s játry
0;Řízečky k 
0;Vepřové kotlety v troubě
1;Kari massaman s chlebovníkem podle Sofie Smith
1;Fíky ve filo těstě s kozím sýrem a černým pepřem
0;Dršťky po italsku
1;Ovocná zálivka
0;Teplé bagely s hovězím
1;Pekáček s polentou
1;Nové brambůrky v zakysané smetaně
0;Rillettes
0;Švýcarský sýrový řízek
1;Lehké gratinované brambory
0;Hovězí ragú s dýní
1;Domácí čerstvý sýr
1;Čínská smažená rýže
0;Bulgogi
0;Vepřový řízek s kapary a šalvějovým máslem
1;Rajčatové pulao
1;Zeleninové špízy
0;Dušené hovězí po řecku s rozinkami
1;Japonské rýžové kuličky plněné mangem
0;Zapečená slanina
1;Ovocný sýr
1;Plněné žampiony s ořechy
0;Masové ragú v rolovaném lilku
1;Mapo tofu
1;Falafel obalený v sezamu
0;Caldo de costilla
0;Řecká musaka
1;Galetka s kozím sýrem
0;Argentinský steak s bylinkovou omáčkou
1;Obatzda
1;Dýňové rizoto s kukuřicí a ricottou
1;Zapečené kapustičky v krémové omáčce
1;Rajčata plněná sýrem cottage
1;Thajské karí s chřestem
0;Kouřové vepřové kotletky
0;Bramboráčky s uzeným bůčkem a pivním sýrem
0;Francouzské škvarečky
0;Džuveč s vepřovým masem
0;Daňčí kýta se zelím 
0;Hovězí guláš se žampiony a tymiánem
1;Kuskus s ovocem
0;Hovězí kližka s vánočním kořením
1;Míchaná vajíčka s pestem
0;Telecí plněné špenátem a mozzarellou
0;Dršťkové ragú z Večeře od kosti
0;Žebírka s omáčkou
1;Špíz jahodový balzám
1;Pizza z polenty
0;Maso v zázvorové marinádě
1;Kroupový salát s mátou a boby
0;Hovězí na víně s brusinkami
1;Kořeněné kedgeree s tofu
0;Pečení jehněčí kolínko se špenátem a noky
1;Smažené bramborové dukáty s kořením
1;Špenátová žemlovka s uzeným masem
0;Bůčkové kostky po čínsku
1;Marinované olivy s vodkou
1;Rizoto s hříbky
1;Brambory přelité smetanou s ořechy
1;Černorýžový salát s fíky a haloumi
1;Pečený svítek s kerblíkem a zeleným chřestem
0;Ovarová mísa s křenem
0;Hot dog po řecku
1;Ovocné želé ke svačině
0;Ocásky na pivu s bramborovo-křenovým pyré a cibulkami
0;Závitky z vánoční nádivky
1;Celerový pekáček s ořechy
1;Hančino lečo
1;Krkonošský houbovec
0;Vepřová panenka s estragonem & špenátová polenta
0;Grilované vepřové špízy na rozmarýnu s cibulkami
0;Grilovaná žebírka
1;Vegeburgery s černým sezamem & wasabi jogurtem
1;Plněné pečené brambory s mátovým jogurtem
1;Portobello plněné zeleninou a sýrem
0;Tafelspitz se špeclemi a kedlubnovou omáčkou
0;Obrácené hovězí řízky a celerovo-bramborové pyré
1;Česnekové brambory
0;Cikánská pečeně
1;melanzane alla parmigiana
0;Svíčková na smetaně s brusinkovou omáčkou
1;Kuřecí salát s rýží
1;Vegetariánská musaka s fetou
0;Žebra s BBQ omáčkou
1;Pečená rajčata plněná jehněčím masem
0;Masové koule s mátovou omáčkou
1;Rizoto s italskou klobásou a rajčátky
1;Quinoový burger se žampiony
1;Rizoto s quinoou a pečenou zeleninou
1;Plněné brambůrky s parmezánem
0;Lehce zauzený telecí tartar
1;Rýžový pudink s kokosovým mlékem
0;Jehněčí kýta s bramborami boulangère
0;Restované hovězí v asijské pivní omáčce
0;Vepřové s nudlemi a omáčkou
0;Vepřové plátky na smetaně
0;VIDEO: Vepřová žebírka po asijsku
1;Lilek s tofu a rajčaty
1;Bylinkové brambůrky
0;Kološvárské zelí
0;Tatarský biftek
1;Plněné pečené brambory s chilli con carne
0;Sváteční kaldoun s dvojími knedlíčky
1;Plněné žampiony
0;Svatební páj
1;Vinná pěna s lesním ovocem
1;Teplý bramborový salát s petrželkou
0;Hovězí consommé s játrovými raviolami
0;Konfitovaná vepřová panenka s bylinkami a smetanovou omáčkou
0;Chilli steaky s uzenou paprikou
0;Trhané vepřové se škubánky a medovo-ořechovou řepou
1;Špenát a rukola s bylinkovou frittatou
0;Marinovaná vepřová žebírka pečená
0;Vepřová pečeně v bylinkách a šunkové krustě
0;Pomalu pečené hovězí na balzamiku
0;Studené omáčky ke steaku
0;Daňčí klobásy
1;Rýžovo-květáková burrito miska
1;Zapečené smetanové brambory
1;Bramborové pomerančové kobližky
0;Čínské knedlíčky v páře s vepřovým a krevetami
1;Lilková směs na dva způsoby - na toasty nebo karbanátky
0;Burgery s cuketovým relishem
1;Celerovo-bramborová kaše
1;Penne ricce zapečené s paprikou a uzenou scamorzou
0;Hovězí s bramborovou pokličkou
0;Jehněčí kýta na majoránce
1;Vejce na slanině do ruky
1;Houbový krém
0;Hovězí & houbové karbanátky
1;Biryani
1;Mozzarella v balíčku
0;Jitrničky s lepenicí
1;Rozmarýnové brambory na plechu
0;Žebírka s kukuřičným salátem
0;Pečená rajčata plněná jehněčím masem
0;Vepřová pečínka s tuňákovou majonézou
1;Pánev s kapustou a granátovým jablkem
0;Hovězí Stroganov
1;Zapečené brambory
1;Bramborový salát s kari
1;Losos a květák v bešamelu
1;Sýrové raclette
0;Ferdinand alias zajíc na víně
1;VIDEO: Houbová sekaná
1;Panýr se špenátem
1;Miniomeletky
1;Chana masala (cizrnové kari) s granátovou raitou
1;Rozpečené brambory
0;Zapečené noky s vepřovým masem v hořčičné omáčce
0;Králík na černo
0;Glazovaný telecí hřbet se zeleninou
1;Zapečené žampiony
1;Brambory a fazolky z plechu či grilu
0;Králičí roláda s krupetem
0;Hovězí křenový řízek s irskou kapustovo-bramborovou kaší
1;Zapékané kedlubny s dvojí náplní
1;Houby s octem podle Viléma V.
0;Žebírka na rybízu
0;Pálivý salát s hovězím masem
1;Mrkvové placičky s bylinkovým dipem
0;Pomalu pečený vysoký roštěnec
1;Pečené batáty s chilli a granátovým jablkem
1;Grilované lilky s pastou miso a s naloženou ředkví
1;Míchaná vejce
1;Lilek s mátou a kozím sýrem
0;Pštrosí vejce
1;Šafránová divoká rýže
1;Plněné vejce po asijsku
0;Vepřová pečeně s brambory a mrkví
1;Plněné brambory
0;Pečená vepřová panenka s broskvovou salsou
0;Zadělávané dršťky s tymiánem
0;Maso s hříbky a bramborovými kuličkami
0;Dvojitá pečeně na tymiánu a petrželce
0;Králičí paštika se švestkovým přelivem
0;Kančí kýta se šípkovou omáčkou
1;Bramborová musaka se špenátem
1;Kynuté borůvkové knedlíky
1;Zapečené portobello
0;Dušené vepřové s meruňkami a tamarindem
1;Hříbky na česneku po italsku
1;Květák s parmazánem
1;Rýžový kuba
0;Blesková musaka
1;Ovocný kebab
0;Domácí gyros s tzatziky a pita chlebem
1;Houbový kuba
0;Rychlý steak na grilu
0;Pečená vepřová plec s javorovým sirupem
1;Restované houby s polníčkem a toustem
0;Hovězí po burgundsku
0;Znojemská hovězí pečeně
0;Pravý americký hamburger
1;Pikantní nakládaný hermelín s chilli
0;Grilovaná orientální sladkokyselá žebírka
0;Rozstřelený španělský ptáček
1;Sýrovo-šunkové party kuličky
1;Zelenina v páře
1;Grilovaná zelenina s houbami
0;Schované párky
0;Česnekový králík
1;Salát s opečeným fenyklem
1;Rizoto s kaštany
1;Tradiční tartiflette se sýrem reblochon
0;Pečené cukety s vepřovou panenkou
1;Rychlá pánev v orientálním stylu
0;Smažené vepřové řízky
0;Vepřová panenka na rebarboře
0;Vtipné hotdogy
0;Glazovaná uzená kotleta nebo rolka
1;Zapékané palačinky se špenátem a sýrem
1;Zazipovaná omeleta v sáčku
0;Korejské hovězí s paprikami
1;Obrácený koláč s kořenovou zeleninou a sýrovou omáčkou
0;Salát s vepřovou panenkou
0;Ragú z čerstvých klobásek
1;Sladká zelenina s azuki
0;Jitrnice pečené na česnekových bramborách
0;Sekaná Franty Kšány
1;Smažené dýňové hranolky s BBQ omáčkou
0;Lasagne s hovězím masem a rajčaty
1;Španělská omeleta
0;Švej - žužu
0;Hovězí skirt steak se salsou verde
0;Vepřová pečeně se zeleninou
1;Volská oka s rozmarýnovými bramborami
0;Svíčková v krustě se šalotkovou omáčkou
0;Králík na česneku
0;Jelítka zapékaná s bramborami a vejci
0;Rostbíf s křenovou remuládou
0;Vepřové se sladkou kůrčičkou a kuskusem
0;Hovězí vývar s domácími nudlemi a zeleninou
0;Řepné 
1;Těstoviny s čerstvou strouhankou
0;Japonský vepřový řízek s kari omáčkou
0;Hovězí carpaccio [karpačo]
1;Tofu
0;Plněné zelné listy
1;Quesadilly s papričkami jalapeño
1;Houbový gyros
0;Masové kuličky s mrkví
1;Rajče v županu
1;Těstoviny z jednoho hrnce se sardelkami a stonkovou brokolicí
0;Lahůdková domácí paštika
0;Králík Braillon
0;Rozmarýnové jehněčí špízy
1;Rýžové brûlée s jahodami
0;Králík na červeném víně à la boeuf bourguignon
0;Jehněčí kolínka s hráškovými těstovinami
1;Fíková La Janette
1;Krémový špenát
0;Pečená vepřová kolena
0;Staročeská vepřová pečeně na zázvoru a pivě
1;Vegetariánské koule v rajčatové omáčce
0;Králík na bílém víně
1;Zeleninový tažin
1; Plněné paprikové lodičky
0;Masové kuličky po asijsku
1;Bramborové lupínky z trouby
1;Sojový "prejt"
1;Opečená zelenina
1;Nejlepší pečené brambory
1;Pečené zimní rizoto s pórkem
0;Dušená líčka saltimbocca
0;Vepřová žebírka po asijsku
1;Slané palačinky se dvěma náplněmi
0;Vepřové maso
0;Hovězí steak s karamelizovanou cibulkou
0;Telecí steak s olivovou salsou
0;Pomalu pečený bůček s fenyklovým salátkem
1;Zapečené brambory se šunkou
0;Plněné hovězí závitky s praženou krupicí
1;Celerovo-bramborový gratin
0;Šneci z vinné klobásy s bramborovou kaší
1;Burrito s kvašenou zeleninou
0;Řecké jehněčí s rýží
1;Citronovo-mátové cuketky
0;Grilovaná žebírka v marinádě jerk
1;Zlaté krokety
0;Hovězí keftedes
0;Ožehnuté hovězí s pomeranči & chilli
1;Restovaná růžičková kapusta
0;Jehněčí po marocku s meruňkami a mandlemi
0;Dušená roštěná
0;Telecí ragú s houbami a šunkovým knedlíkem
1;Mačkané brambory
0;Vepřové s bramborami a zelenými fazolkami
0;Vařené uzené koleno
1;Houbové carpaccio
0;Šunka na páře s karotkami a hráškem
0;Grilované steaky s kukuřicí
1;Ovocné pyré
0;Dušené telecí ledvinky
0;Pečené husí stehno se zeleninovým ragú s houbami a celerovým pyré
1;Knedlíky z bramborového těsta
0;Králík na jablkách
1;Brambory z mikrovlnky
0;Plněný páreček
1;Vegetariánské sushi rolky
1;Zapečený květák se třemi druhy sýra
1;Plísňový sýr s mandlemi v balíčku
0;Sádlo se škvarky 
1;Rajčatové špízy
0;Vepřové kari s kešú a kokosovým mlékem
0;Králík na šalvěji a česneku
0;Hovězí proužky s chilli a bazalkou
1;Květákové placičky se sýrem a tatarkou
0;Smažená klobása
0;Grilovaná panenka s bylinkovou chimichurri a pečenými bramborami
0;Steak s lanýžovou solí
0;Srnčí s perníkovou omáčkou
0;Jelení wellington 
1;Brokolicové koule
1;Špenátovo - rukolový salát s tofu
1;Gratinovaná petržel se smetanou a hořčicí
1;Hovězí roláda s mrkví
0;Gruzínské chinkali se třemi různými náplněmi
1;Bramborový krém s pečenými paprikami a křepelčími vejci
0;Karbanátky s bramborovou kaší
1;Rýžový nákup
1;Houbový stroganov na toustu
1;Švýcarské fondue
1;Quiche s pórkem
0;Pennette rigate s telecím ragú
0;Zvěřinový boršč
0;Lucčina musaka
1;Domácí sušenky
0;Vepřová saltimbocca
0;Rostbíf s křenem a modrým sýrem
0;Rychlé chilli s pažitkovými šťouchanými bramborami
1;Mezze s ožehnutými baby lilky
0;Vinná klobása s králičím masem
1;Slezské bramborové placky s povidly
1;Carpaccio z mrkve s datlemi & fetou
0;Chilli hot dog 
1;Čajová vejce
1;Sklenička cuketky
0;Steak z hovězího pupku s pečenou zeleninou
0;Vepřové kotlety s omáčkou satay
1;Opékaný sendvič s kysaným zelím
1;Křupavá kyselá zelenina
1;Zeleninový nákyp
0;Telecí balenky na tokajském víně
1;Lilkový burger s pestem
0;Rostbíf s pečenou paprikou a rýží
0;Plněná rajčata po řecku
1;Frittata se špenátem a fetou
1;Houbové rizoto
1;Líný pórek zapečený se sýrem a kapustou
1;Grilovaný kozí sýr
0;Vepřový řízek Ondráš
1;Zapečená brokolice
0;Pikantní placičky z jehněčího masa
0;Hovězí guláš s červenou řepou
0;Kotlety s cizrnou a rýží
1;Ratatouille s bazalkou
1;Šťouchané brambory s petrželí
0;Rajská omáčka s masovými koulemi
1;Řepné 
0;Omeleta s chipolatou & jarní cibulkou
0;Svíčková na smetaně
1;Dip se špenátem a rozinkami
0;Telecí sekaná s parmazánem
1;Celozrnné palačinky s Lučinou Kozí
1;Křupavé brambory s jablky
1;Masala kari s panýrem
0;Jehněčí s harissou
1;Bramborové pyré s pastinákem
1;Špagetová dýně plněná ve stylu tacos
0;Zelené thajské kari s vepřovým masem a lilky
1;Kroužky s ančovičkami a piniovými oříšky
1;Sýrové fondue s nakládanými okurkami
1;Krém ze zelených oliv
0;Zajíc načerno
0;Vepřová pečeně se šalvějovo-fenyklovým máslem
1;Rajčatový barbecue relish
1;Lilkové kari
0;Kančí kýta na žampionech
0;Grilované vepřové se šalvějí
1;Peperonata
1;Parlamentní brambůrky
1;Zapečené tousty se smetanovými vejci
0;Bůček na chlebu
0;Dušené krůtí maso se zeleninou
1;Bramborová kaše s olivami a fetou
0;Pikantní vepřová žebírka s medem
0;Quesadillas so syrom a kuracím mäsom
1;Pečená zimní zelenina s polníčkem a kozím sýrem
1;Krémová kaše z batátů s balzamikem
0;Třípatrová pavlova s jahodami
0;Králičí karbanátky
1;Chřestový quiche
0;Tradiční francouzská paštika
0;Zapečené lilkové závitky s masem 
1;Špenátové kuličky
1;Nastavovaná kaše s volským okem
0;Vepřový jazyk s křupavými bramborami a brokolicí
1;Bramborové knedlíky se sýrem
1;noky s omackou ze 4 druhu syru
0;Klobásky v pikantní cibulové omáčce
1;Tvarůžková rozhuda
0;VIDEO: Hovězí biftek 
1;Jarní hrášek s datlemi & ořechy
0;Panenka s gremolatou
1;Kysané zelí ochucené po indicku
0;Masové koule na grilu
0;Vídeňská roštěnka
0;Hovězí ragú s pivem Guinness a čedarovou kaší
0;Sváteční šunka
1;Zapečený květák se sýrem
0;Klasické vepřo knedlo zelo
0;Švestky ve slanině plněné mandlí
1;Tempeh v houbové omáčce
1;Bramboráky
0;Klasická hovězí pečeně
0;Kotlety plněné pestem
1;Letní zeleninový salát s rajčaty
1;Smažený hermelín s česnekem
1;Kapusta s lískovými oříšky
1;Pečené brambory se slaninou a pažitkou
0;Králík na smetaně à la zajíc podle Viléma Vrabce
0;Žába v díře
1;Rychlé cizrnové karbanátky
0;Klasický steak ze svíčkové
1;Kapustičky s vajíčky
0;Panenka s bylinkami ve slanině
0;Vepřová játra dušená na cibulce
1;Pizza s cizrnou
1;Houboví šneci
0;Zavařené solené maso
1;Míchanice
1;Wok s brokolicí a omáčkou z černých fazolí + hovězí steak
0;Mleté hovězí maso zapečené v těstě
0;Zapečené smetanové kotlety
1;Salát s mangem a papájou
1;Středomořský hrnec s cuketovými knedlíčky
1;Fiorelli se sušenými rajčaty a bramborami
1;Sýr z jogurtu
0;Vepřová pečínka na růžovém víně
1;Palačinky à la vejce Benedikt
1;Jarní frittata
1;Chřest tažený v másle a olivovém oleji
0;Špagety s rajčatovou omáčkou & masovými koulemi
1;Rajčata pečená s česnekem a tymiánem
1;Jednoduchý bramborový salát s opečenou zeleninou
1;Zadělávané smetanové kedlubny
1;Grilované lilky s jogurtem a mátou
1;Bílý chřest s holandskou omáčkou
1;Rizoto s medovou dýní
1;Květákový mozeček s tofu
0;Bramborové hranolky z trouby & další přílohy ke steaku
0;Filipínské mungo s vepřovým masem
1;Sýrové řezy
0;Grilované hamburgery
1;Salát s čočkou
0;Ocásek pečený na pivu
1;Zapečené ovoce s čokoládou
0;Vepřové pěti vůní
1;Pečená terinka s kaštany
1;Karotková pomazánka
1;Omeleta s rukolou a parmazánem
1;Slavnostní salát s kozím sýrem
1;Pohankové placičky
1;Zelenina pečená v troubě
0;Plněný bochník
0;Jehněčí na rozmarýnu
0;bravcova panenka plnena klobasou
0;Krkovice na bylinkách
1;Špenátové nudle
1;Chřest
0;Karamelizované vepřové s nudlemi
1;Houbové tousty
0;hovězí žebra
0;Jehněčí plec na víně
0;Špízy tří barev s mátovo-petrželovou salsou
0;Pekáček s masem a bramborami
1;Kostky s rajčaty a sýrem feta
1;Zapečené špaldové kroupy se špenátem
1;Osvěžující letní rýžový salát
0;Dušený králík s hroznovým vínem a olivami
0;Masová pánvička s cizrnou
1;Marinované houby
1;Domácí bramborové chipsy
1;Šafránové risotto
1;Vejce s fetou
1;Špaldové halušky se zelím a špekem
0;Řízečky v bramboráku
1;Feta pečená s rajčaty
0;Holandský řízek
1;Dušená kapusta s pancettou
1;Bazalková rajčata
0;Kořeněné hovězí na pomerančích
0;Hovězí žebírka se salátem
1;Hrušky s rokfórem
0;Masové taštičky
0;Hóóórké párky!
0;Masové kuličky s těstovinami
0;Plněné papriky s rajskou omáčkou a knedlíkem
1;Pohankový houbovník
1;Kořeněná mrkev po marocku
0;Paštika s araratem
1;Pečený kadeřávek s vejci
1;Bramborové rösti
0;Zapečená šunka po florentinsku
1;Houby na slanině s kozím sýrem
1;Hříbkové rizoto s lanýžovým máslem
1;Houbové balíčky
0;Srnčí ragú na víně
1;Nadýchaná jasmínová rýže
1;Zapečené brambory se zeleninou
1;Kořeněné křupavé brambory
0;Telecí máslový řízek s bramborovou kaší
0;Vepřová líčka s rebarborou
1;Batáty dvou textur se slaninou a volským okem
1;Salát Coleslaw
1;Salát s kozím sýrem a medovou zálivkou
1;Kapustičky s jalovcovou polevou
0;Vepřová roláda na jablkách
1;Restovaný pastinák s chorizem
1;Zeleninový řízek
0;Klobásy v koláči
1;Bramborová kaše
1;Nakládaný hermelín s feferonkami
1;Rozpečený plísňový sýr s celerovými tyčinkami a chipsy
1;Houbové rizoto s nivou
0;Kotlety s hořčičnou omáčkou
0;Hot dogs
1;Knedlík v sáčku
0;Pečená vepřová kýta s rýží s černými fazolemi
0;Vepřový jazyk s hráškovým kroupotem
0;Butter chicken
1;Sýrovo-kukuřičné placičky
1;Domácí panýr
1;Gratinovaná dýně s modrým sýrem
1;bramborove placky - od mamky
1;Pinzgauské sýrové nočky
1;Rizoto s červenou řepou a gorgonzolou
1;Opečená čekanka s rozpuštěným sýrem
0;Telecí s cibulkami
0;Vepřová pečeně s whisky omáčkou a pivními bramborami
1;Artyčoky v pánvi po římsku
0;Švýcarské geschnetzeltes
0;Vietnamské vepřové v salátu
0;Čínská vepřová žebírka
1;Bramborová kaše s pastinákem
0;Vepřové a kuřecí špízy
1;Topinka s houbami a volským okem
0;Masové ragú s polentou
1;Smetanová bramborová kaše
0;Vepřové maso pod pokličkou
1;Zapečené sladké brambory s meruňkami
1;Ovocná bowle
1;Domácí sýr
1;Vrstvené vaječné skleničky
0;Základ na sekanou
0;Vepřové plátky s petrželovou omáčkou
0;Vepřové ribsy na medu s BBQ omáčkou
1;Pepřová rozpečená ricotta
1;Tofu na černém pepři
0;Smažené hovězí po čínsku s kešu
1;Grilovaný naan s bylinkami a sýrem
1;Quinoový salát ochucený černým čajem a sezamem
0;Paprikové balíčky z krkovice
0;Kuličky v rajčatové omáčce s piniemi
1;Lečo s volským okem
1;Tarhoňa s baby špenátem a sušenými rajčaty
1;Naložený pivní sýr
0;Bleskové ragú
0;Jehněčí šavarma s bobem zahradním
0;Hovězí guláš podle Ondřeje Slaniny
0;Burgery z hovězího mletého masa
1;Grilované zelí se zálivkou
1;Plněné papriky s kuskusem
0;Kuře na másle a bylinkách
1;Plněné vejce s pestem
0;Feijoada brasileira
1; Zapečené brambory se zeleninou a houbami
0;Zelný salát s vepřovým masem
0;Šunková persiláda s bramborovým salátem a hráškovým pyré
1;Grilovaná zelenina s kozím sýrem
0;Jelení kýta na smetaně
1;Těstoviny s máslovou dýní
0;Řízečky z vepřové panenky
1;Pažitkové palačinky s jemnou bylinkovou náplní
1;Mostarda di Cremona – ovocná hořčice
1;Gudžarátský mrkvový salát
0;Steak s omáčkou z pečeného česneku
1;Zelené placičky z brokolice a hrášku s jednoduchým dipem
1;Dušená mrkev s hráškem
0;Sendvič s pepřovým steakem
0;Maso po čínsku
1;Pečená brambora
1;Brioškový nákyp s lesním ovocem
